reading_id,timestamp,machine_id,temperature_c,vibration_mm_s,pressure_bar,runtime_hours,alarm_count
RDG-00001,2025-01-01 00:00:00,M-101,68.66,2.69,5.61,237.0,1
RDG-00002,2025-01-01 06:00:00,M-101,64.03,2.71,5.96,237.2,1
RDG-00003,2025-01-02 00:00:00,M-101,70.93,2.38,5.86,238.0,1
RDG-00004,2025-01-02 12:00:00,M-101,64.32,2.06,5.58,238.5,0
RDG-00005,2025-01-03 00:00:00,M-101,70.4,2.52,5.92,239.0,1
RDG-00006,2025-01-03 06:00:00,M-101,69.48,2.32,5.61,239.2,1
RDG-00007,2025-01-04 06:00:00,M-101,75.58,2.57,6.18,240.2,1
RDG-00008,2025-01-04 12:00:00,M-101,65.73,2.85,5.89,240.5,2
RDG-00009,2025-01-04 18:00:00,M-101,66.85,2.89,5.49,240.8,3
RDG-00010,2025-01-05 06:00:00,M-101,69.11,2.69,5.91,241.2,3
RDG-00011,2025-01-05 12:00:00,M-101,71.99,3.04,6.27,241.5,3
RDG-00012,2025-01-06 00:00:00,M-101,71.41,2.77,5.71,242.0,1
RDG-00013,2025-01-06 06:00:00,M-101,71.58,2.74,5.73,242.2,2
RDG-00014,2025-01-06 12:00:00,M-101,71.91,2.57,6.0,242.5,3
RDG-00015,2025-01-07 06:00:00,M-101,65.73,2.65,5.78,243.2,3
RDG-00016,2025-01-07 12:00:00,M-101,68.55,2.47,5.76,243.5,3
RDG-00017,2025-01-07 18:00:00,M-101,72.77,3.01,5.96,243.8,1
RDG-00018,2025-01-08 12:00:00,M-101,69.72,2.74,6.07,244.5,3
RDG-00019,2025-01-08 18:00:00,M-101,71.27,2.5,6.06,244.8,2
RDG-00020,2025-01-09 00:00:00,M-101,72.95,2.05,5.76,245.0,1
RDG-00021,2025-01-09 12:00:00,M-101,69.64,2.26,6.11,245.5,2
RDG-00022,2025-01-09 18:00:00,M-101,71.2,2.81,6.0,245.8,1
RDG-00023,2025-01-10 00:00:00,M-101,73.82,2.12,5.67,246.0,3
RDG-00024,2025-01-10 18:00:00,M-101,69.51,2.86,5.75,246.8,3
RDG-00025,2025-01-11 06:00:00,M-101,72.4,2.51,6.01,247.2,3
RDG-00026,2025-01-12 12:00:00,M-101,72.3,2.68,5.99,248.5,1
RDG-00027,2025-01-12 18:00:00,M-101,70.27,2.29,5.75,248.8,3
RDG-00028,2025-01-13 00:00:00,M-101,70.95,2.44,6.11,249.0,1
RDG-00029,2025-01-14 00:00:00,M-101,70.66,2.72,6.32,250.0,3
RDG-00030,2025-01-14 06:00:00,M-101,64.84,2.4,5.56,250.2,1
RDG-00031,2025-01-14 12:00:00,M-101,75.82,3.12,5.71,250.5,1
RDG-00032,2025-01-14 18:00:00,M-101,72.86,2.39,5.93,250.8,1
RDG-00033,2025-01-15 00:00:00,M-101,67.66,2.83,5.8,251.0,3
RDG-00034,2025-01-15 06:00:00,M-101,67.46,2.68,5.89,251.2,1
RDG-00035,2025-01-15 12:00:00,M-101,70.96,2.75,5.61,251.5,2
RDG-00036,2025-01-15 18:00:00,M-101,71.66,2.77,5.83,251.8,1
RDG-00037,2025-01-16 00:00:00,M-101,66.33,3.01,6.18,252.0,1
RDG-00038,2025-01-16 12:00:00,M-101,65.05,3.03,5.83,252.5,3
RDG-00039,2025-01-16 18:00:00,M-101,75.34,2.14,5.57,252.8,1
RDG-00040,2025-01-17 00:00:00,M-101,69.3,2.45,5.99,253.0,2
RDG-00041,2025-01-17 12:00:00,M-101,78.84,2.35,5.54,253.5,1
RDG-00042,2025-01-17 18:00:00,M-101,66.04,2.1,5.84,253.8,0
RDG-00043,2025-01-18 00:00:00,M-101,68.56,3.16,5.53,254.0,2
RDG-00044,2025-01-18 06:00:00,M-101,67.09,2.79,5.68,254.2,1
RDG-00045,2025-01-18 12:00:00,M-101,70.95,2.49,5.6,254.5,3
RDG-00046,2025-01-19 06:00:00,M-101,71.75,2.93,5.93,255.2,3
RDG-00047,2025-01-20 06:00:00,M-101,71.01,2.56,5.83,256.2,2
RDG-00048,2025-01-20 12:00:00,M-101,73.7,2.47,5.83,256.5,1
RDG-00049,2025-01-21 00:00:00,M-101,79.05,2.69,5.62,257.0,3
RDG-00050,2025-01-21 06:00:00,M-101,72.0,2.84,6.12,257.2,3
RDG-00051,2025-01-21 12:00:00,M-101,69.36,2.35,5.62,257.5,2
RDG-00052,2025-01-21 18:00:00,M-101,72.18,2.46,5.56,257.8,2
RDG-00053,2025-01-22 00:00:00,M-101,69.06,2.49,5.78,258.0,3
RDG-00054,2025-01-22 12:00:00,M-101,74.44,2.53,5.68,258.5,2
RDG-00055,2025-01-23 06:00:00,M-101,69.39,2.66,5.5,259.2,2
RDG-00056,2025-01-23 12:00:00,M-101,67.6,2.58,5.7,259.5,3
RDG-00057,2025-01-23 18:00:00,M-101,68.46,2.08,5.61,259.8,2
RDG-00058,2025-01-24 00:00:00,M-101,67.94,2.36,5.51,260.0,0
RDG-00059,2025-01-24 06:00:00,M-101,68.04,3.02,5.6,260.2,3
RDG-00060,2025-01-24 18:00:00,M-101,69.27,2.27,5.39,260.8,2
RDG-00061,2025-01-25 00:00:00,M-101,70.62,2.59,5.34,261.0,3
RDG-00062,2025-01-25 06:00:00,M-101,70.18,2.58,5.56,261.2,1
RDG-00063,2025-01-25 18:00:00,M-101,69.78,2.17,5.87,261.8,2
RDG-00064,2025-01-26 00:00:00,M-101,71.44,2.83,5.87,262.0,3
RDG-00065,2025-01-26 06:00:00,M-101,74.82,2.77,5.68,262.2,1
RDG-00066,2025-01-26 18:00:00,M-101,71.05,1.99,5.81,262.8,3
RDG-00067,2025-01-27 00:00:00,M-101,71.72,2.49,6.26,263.0,1
RDG-00068,2025-01-27 12:00:00,M-101,70.84,3.08,6.0,263.5,3
RDG-00069,2025-01-27 18:00:00,M-101,71.4,2.22,5.91,263.8,1
RDG-00070,2025-01-28 06:00:00,M-101,71.03,2.74,5.68,264.2,2
RDG-00071,2025-01-29 00:00:00,M-101,73.82,2.4,5.07,265.0,3
RDG-00072,2025-01-29 06:00:00,M-101,68.67,2.43,5.7,265.2,1
RDG-00073,2025-01-29 12:00:00,M-101,75.05,2.5,5.7,265.5,1
RDG-00074,2025-01-30 06:00:00,M-101,68.92,2.73,5.7,266.2,1
RDG-00075,2025-01-30 18:00:00,M-101,71.69,2.24,5.65,266.8,2
RDG-00076,2025-01-31 00:00:00,M-101,72.08,2.47,5.45,267.0,1
RDG-00077,2025-01-31 06:00:00,M-101,67.74,2.86,5.55,267.2,1
RDG-00078,2025-01-31 12:00:00,M-101,73.46,2.75,5.9,267.5,3
RDG-00079,2025-01-31 18:00:00,M-101,72.19,2.85,5.5,267.8,2
RDG-00080,2025-02-01 00:00:00,M-101,68.63,2.54,6.01,268.0,2
RDG-00081,2025-02-01 06:00:00,M-101,72.21,2.44,5.62,268.2,3
RDG-00082,2025-02-01 12:00:00,M-101,69.45,2.79,5.68,268.5,1
RDG-00083,2025-02-01 18:00:00,M-101,69.16,2.34,5.68,268.8,2
RDG-00084,2025-02-02 00:00:00,M-101,70.13,2.12,5.37,269.0,1
RDG-00085,2025-02-02 12:00:00,M-101,62.88,2.84,6.21,269.5,2
RDG-00086,2025-02-02 18:00:00,M-101,67.3,2.62,5.5,269.8,3
RDG-00087,2025-02-03 00:00:00,M-101,69.33,2.58,5.9,270.0,1
RDG-00088,2025-02-03 06:00:00,M-101,65.59,3.13,5.96,270.2,2
RDG-00089,2025-02-03 12:00:00,M-101,72.43,2.19,5.66,270.5,3
RDG-00090,2025-02-03 18:00:00,M-101,75.39,2.41,5.39,270.8,1
RDG-00091,2025-02-04 00:00:00,M-101,72.07,2.53,5.94,271.0,2
RDG-00092,2025-02-04 12:00:00,M-101,68.18,2.67,5.82,271.5,1
RDG-00093,2025-02-04 18:00:00,M-101,66.51,2.22,5.7,271.8,0
RDG-00094,2025-02-05 00:00:00,M-101,75.13,2.84,5.88,272.0,1
RDG-00095,2025-02-05 06:00:00,M-101,70.1,2.88,5.77,272.2,2
RDG-00096,2025-02-05 12:00:00,M-101,68.72,3.03,5.95,272.5,3
RDG-00097,2025-02-06 18:00:00,M-101,67.4,2.74,6.1,273.8,1
RDG-00098,2025-02-07 00:00:00,M-101,72.76,2.12,5.63,274.0,2
RDG-00099,2025-02-07 06:00:00,M-101,67.8,2.46,5.96,274.2,3
RDG-00100,2025-02-07 12:00:00,M-101,65.84,2.63,5.6,274.5,3
RDG-00101,2025-02-08 00:00:00,M-101,67.53,2.82,5.8,275.0,1
RDG-00102,2025-02-08 06:00:00,M-101,70.5,2.45,6.03,275.2,3
RDG-00103,2025-02-08 12:00:00,M-101,72.81,2.69,5.67,275.5,1
RDG-00104,2025-02-08 18:00:00,M-101,77.51,2.75,5.87,275.8,3
RDG-00105,2025-02-09 00:00:00,M-101,70.42,2.71,6.09,276.0,2
RDG-00106,2025-02-09 18:00:00,M-101,74.68,2.82,5.87,276.8,1
RDG-00107,2025-02-10 00:00:00,M-101,70.85,2.34,6.23,277.0,2
RDG-00108,2025-02-10 06:00:00,M-101,73.85,2.69,5.81,277.2,1
RDG-00109,2025-02-10 12:00:00,M-101,70.64,2.46,5.72,277.5,3
RDG-00110,2025-02-10 18:00:00,M-101,64.2,2.52,5.64,277.8,2
RDG-00111,2025-02-11 06:00:00,M-101,71.87,2.85,6.12,278.2,3
RDG-00112,2025-02-11 12:00:00,M-101,71.18,2.38,5.41,278.5,2
RDG-00113,2025-02-11 18:00:00,M-101,69.91,2.28,6.06,278.8,2
RDG-00114,2025-02-12 00:00:00,M-101,70.81,2.69,5.97,279.0,3
RDG-00115,2025-02-12 18:00:00,M-101,66.7,2.48,6.23,279.8,3
RDG-00116,2025-02-13 12:00:00,M-101,73.99,2.54,5.7,280.5,2
RDG-00117,2025-02-14 00:00:00,M-101,65.81,2.71,5.75,281.0,2
RDG-00118,2025-02-14 18:00:00,M-101,67.32,2.72,5.87,281.8,2
RDG-00119,2025-02-15 00:00:00,M-101,68.72,2.81,5.66,282.0,2
RDG-00120,2025-02-15 06:00:00,M-101,67.99,2.4,6.0,282.2,2
RDG-00121,2025-02-15 12:00:00,M-101,68.02,3.02,5.51,282.5,3
RDG-00122,2025-02-16 00:00:00,M-101,68.58,2.21,5.69,283.0,1
RDG-00123,2025-02-16 06:00:00,M-101,71.27,2.61,5.95,283.2,1
RDG-00124,2025-02-17 06:00:00,M-101,67.17,2.5,5.82,284.2,3
RDG-00125,2025-02-17 18:00:00,M-101,73.56,2.41,5.6,284.8,3
RDG-00126,2025-02-18 00:00:00,M-101,71.03,2.85,5.52,285.0,3
RDG-00127,2025-02-18 06:00:00,M-101,68.61,2.8,6.04,285.2,1
RDG-00128,2025-02-18 12:00:00,M-101,69.37,2.15,6.13,285.5,2
RDG-00129,2025-02-19 12:00:00,M-101,66.93,2.65,5.65,286.5,2
RDG-00130,2025-02-19 18:00:00,M-101,72.5,2.99,6.04,286.8,1
RDG-00131,2025-02-20 00:00:00,M-101,66.12,2.63,6.06,287.0,2
RDG-00132,2025-02-20 12:00:00,M-101,79.08,2.39,5.55,287.5,3
RDG-00133,2025-02-21 00:00:00,M-101,73.92,2.89,5.59,288.0,1
RDG-00134,2025-02-22 06:00:00,M-101,64.67,2.79,5.71,289.2,3
RDG-00135,2025-02-22 18:00:00,M-101,73.89,3.06,5.93,289.8,3
RDG-00136,2025-02-23 00:00:00,M-101,65.84,1.97,5.65,290.0,0
RDG-00137,2025-02-23 12:00:00,M-101,68.34,2.86,5.63,290.5,2
RDG-00138,2025-02-24 00:00:00,M-101,71.81,2.09,5.83,291.0,2
RDG-00139,2025-02-24 06:00:00,M-101,69.48,3.08,5.8,291.2,3
RDG-00140,2025-02-24 12:00:00,M-101,68.08,2.22,5.68,291.5,2
RDG-00141,2025-02-24 18:00:00,M-101,73.45,2.76,6.18,291.8,3
RDG-00142,2025-02-25 00:00:00,M-101,72.68,2.61,5.99,292.0,3
RDG-00143,2025-02-25 06:00:00,M-101,66.82,2.83,6.08,292.2,3
RDG-00144,2025-02-25 18:00:00,M-101,67.68,2.56,5.85,292.8,2
RDG-00145,2025-02-26 00:00:00,M-101,70.73,2.62,5.93,293.0,3
RDG-00146,2025-02-26 06:00:00,M-101,66.92,2.78,6.09,293.2,2
RDG-00147,2025-02-26 12:00:00,M-101,67.27,2.63,5.77,293.5,2
RDG-00148,2025-02-26 18:00:00,M-101,67.81,1.8,5.77,293.8,0
RDG-00149,2025-02-27 00:00:00,M-101,75.09,2.62,5.43,294.0,1
RDG-00150,2025-02-27 12:00:00,M-101,69.15,2.75,5.72,294.5,3
RDG-00151,2025-02-27 18:00:00,M-101,66.42,2.21,5.96,294.8,0
RDG-00152,2025-02-28 00:00:00,M-101,64.09,2.27,6.22,295.0,0
RDG-00153,2025-02-28 06:00:00,M-101,71.74,2.34,5.82,295.2,3
RDG-00154,2025-02-28 18:00:00,M-101,65.71,2.46,5.89,295.8,2
RDG-00155,2025-03-01 06:00:00,M-101,70.75,2.75,6.17,296.2,1
RDG-00156,2025-03-01 18:00:00,M-101,68.23,2.7,5.75,296.8,2
RDG-00157,2025-01-01 02:00:00,M-102,66.7,1.87,6.06,192.0,0
RDG-00158,2025-01-01 08:00:00,M-102,64.0,2.2,5.82,192.2,0
RDG-00159,2025-01-01 14:00:00,M-102,60.05,2.3,6.27,192.5,0
RDG-00160,2025-01-01 20:00:00,M-102,64.06,2.02,6.08,192.8,0
RDG-00161,2025-01-02 08:00:00,M-102,63.65,2.16,5.48,193.2,0
RDG-00162,2025-01-03 08:00:00,M-102,65.92,2.24,6.34,194.2,0
RDG-00163,2025-01-03 20:00:00,M-102,62.46,2.54,5.7,194.8,3
RDG-00164,2025-01-04 08:00:00,M-102,67.32,2.13,6.06,195.2,0
RDG-00165,2025-01-04 20:00:00,M-102,63.44,2.01,5.57,195.8,0
RDG-00166,2025-01-05 02:00:00,M-102,57.91,2.15,6.0,196.0,0
RDG-00167,2025-01-05 14:00:00,M-102,63.82,2.65,5.59,196.5,2
RDG-00168,2025-01-05 20:00:00,M-102,61.81,2.36,5.85,196.8,0
RDG-00169,2025-01-06 02:00:00,M-102,68.32,2.26,5.73,197.0,3
RDG-00170,2025-01-06 08:00:00,M-102,65.56,2.34,5.52,197.2,0
RDG-00171,2025-01-06 14:00:00,M-102,65.82,2.11,6.1,197.5,0
RDG-00172,2025-01-07 02:00:00,M-102,67.36,2.45,5.33,198.0,1
RDG-00173,2025-01-07 08:00:00,M-102,61.26,2.49,5.34,198.2,2
RDG-00174,2025-01-07 14:00:00,M-102,69.94,1.99,5.68,198.5,3
RDG-00175,2025-01-08 08:00:00,M-102,65.9,2.15,5.37,199.2,0
RDG-00176,2025-01-09 02:00:00,M-102,66.39,2.83,5.8,200.0,3
RDG-00177,2025-01-09 14:00:00,M-102,65.24,2.23,6.02,200.5,0
RDG-00178,2025-01-09 20:00:00,M-102,65.2,2.07,6.07,200.8,0
RDG-00179,2025-01-10 08:00:00,M-102,59.18,2.37,6.24,201.2,0
RDG-00180,2025-01-10 14:00:00,M-102,68.58,2.25,6.11,201.5,1
RDG-00181,2025-01-10 20:00:00,M-102,68.1,2.35,5.72,201.8,2
RDG-00182,2025-01-11 02:00:00,M-102,67.1,2.18,5.81,202.0,0
RDG-00183,2025-01-11 14:00:00,M-102,67.9,2.08,5.43,202.5,0
RDG-00184,2025-01-11 20:00:00,M-102,61.46,2.15,5.92,202.8,0
RDG-00185,2025-01-12 08:00:00,M-102,72.02,2.37,5.45,203.2,2
RDG-00186,2025-01-12 20:00:00,M-102,65.02,2.3,6.01,203.8,0
RDG-00187,2025-01-13 02:00:00,M-102,70.22,2.12,6.2,204.0,2
RDG-00188,2025-01-13 08:00:00,M-102,65.5,1.62,5.75,204.2,0
RDG-00189,2025-01-13 20:00:00,M-102,69.96,2.22,5.55,204.8,3
RDG-00190,2025-01-14 02:00:00,M-102,72.53,1.69,6.06,205.0,3
RDG-00191,2025-01-14 08:00:00,M-102,68.32,2.29,5.28,205.2,3
RDG-00192,2025-01-14 20:00:00,M-102,64.79,2.04,5.55,205.8,0
RDG-00193,2025-01-15 08:00:00,M-102,65.19,2.03,5.96,206.2,0
RDG-00194,2025-01-16 02:00:00,M-102,66.82,2.69,6.31,207.0,1
RDG-00195,2025-01-16 08:00:00,M-102,65.45,2.35,5.97,207.2,0
RDG-00196,2025-01-16 20:00:00,M-102,65.31,2.07,5.88,207.8,0
RDG-00197,2025-01-17 08:00:00,M-102,64.13,2.67,5.76,208.2,1
RDG-00198,2025-01-17 20:00:00,M-102,70.1,2.56,5.81,208.8,3
RDG-00199,2025-01-18 02:00:00,M-102,67.77,2.64,5.67,209.0,1
RDG-00200,2025-01-18 14:00:00,M-102,62.44,2.48,6.45,209.5,2
RDG-00201,2025-01-18 20:00:00,M-102,65.25,2.25,5.8,209.8,0
RDG-00202,2025-01-19 02:00:00,M-102,66.14,2.34,5.66,210.0,0
RDG-00203,2025-01-19 14:00:00,M-102,65.85,2.35,5.45,210.5,0
RDG-00204,2025-01-19 20:00:00,M-102,67.2,2.6,6.24,210.8,3
RDG-00205,2025-01-20 08:00:00,M-102,60.84,2.01,5.78,211.2,0
RDG-00206,2025-01-20 14:00:00,M-102,66.11,2.38,5.67,211.5,0
RDG-00207,2025-01-20 20:00:00,M-102,71.51,2.37,5.7,211.8,3
RDG-00208,2025-01-21 20:00:00,M-102,65.75,2.55,5.92,212.8,2
RDG-00209,2025-01-22 14:00:00,M-102,66.04,2.12,5.62,213.5,0
RDG-00210,2025-01-22 20:00:00,M-102,63.83,2.19,5.78,213.8,0
RDG-00211,2025-01-23 02:00:00,M-102,63.58,2.34,6.09,214.0,0
RDG-00212,2025-01-23 14:00:00,M-102,67.94,2.12,5.8,214.5,0
RDG-00213,2025-01-23 20:00:00,M-102,67.67,2.25,6.0,214.8,0
RDG-00214,2025-01-24 08:00:00,M-102,65.1,2.07,5.63,215.2,0
RDG-00215,2025-01-24 14:00:00,M-102,66.76,2.15,5.86,215.5,0
RDG-00216,2025-01-25 02:00:00,M-102,64.28,2.29,5.9,216.0,0
RDG-00217,2025-01-25 08:00:00,M-102,64.47,2.09,5.39,216.2,0
RDG-00218,2025-01-25 14:00:00,M-102,63.95,2.19,6.22,216.5,0
RDG-00219,2025-01-25 20:00:00,M-102,64.35,2.38,5.71,216.8,0
RDG-00220,2025-01-26 14:00:00,M-102,63.61,1.94,5.83,217.5,0
RDG-00221,2025-01-27 14:00:00,M-102,63.67,1.88,5.83,218.5,0
RDG-00222,2025-01-27 20:00:00,M-102,63.92,2.51,5.77,218.8,3
RDG-00223,2025-01-28 08:00:00,M-102,60.6,1.94,5.86,219.2,0
RDG-00224,2025-01-29 02:00:00,M-102,63.5,2.49,5.43,220.0,1
RDG-00225,2025-01-29 14:00:00,M-102,67.09,2.23,5.72,220.5,0
RDG-00226,2025-01-30 14:00:00,M-102,64.92,2.14,5.61,221.5,0
RDG-00227,2025-01-30 20:00:00,M-102,57.62,1.99,6.1,221.8,0
RDG-00228,2025-01-31 08:00:00,M-102,65.05,2.18,5.82,222.2,0
RDG-00229,2025-01-31 20:00:00,M-102,68.51,2.03,5.51,222.8,1
RDG-00230,2025-02-01 02:00:00,M-102,62.42,2.47,6.04,223.0,3
RDG-00231,2025-02-01 20:00:00,M-102,64.3,1.9,6.24,223.8,0
RDG-00232,2025-02-02 08:00:00,M-102,63.02,2.59,5.48,224.2,2
RDG-00233,2025-02-02 14:00:00,M-102,67.64,2.23,5.92,224.5,0
RDG-00234,2025-02-02 20:00:00,M-102,64.18,1.71,5.72,224.8,0
RDG-00235,2025-02-03 02:00:00,M-102,64.29,2.03,5.34,225.0,0
RDG-00236,2025-02-03 08:00:00,M-102,64.3,2.3,5.73,225.2,0
RDG-00237,2025-02-03 20:00:00,M-102,68.75,2.3,5.6,225.8,1
RDG-00238,2025-02-04 02:00:00,M-102,68.66,2.56,5.88,226.0,2
RDG-00239,2025-02-04 08:00:00,M-102,64.25,2.59,5.67,226.2,1
RDG-00240,2025-02-04 14:00:00,M-102,65.88,2.25,6.01,226.5,0
RDG-00241,2025-02-04 20:00:00,M-102,60.36,2.48,5.97,226.8,2
RDG-00242,2025-02-05 02:00:00,M-102,63.51,2.64,6.22,227.0,3
RDG-00243,2025-02-05 08:00:00,M-102,66.19,2.22,5.7,227.2,0
RDG-00244,2025-02-05 20:00:00,M-102,66.17,2.54,5.94,227.8,3
RDG-00245,2025-02-06 02:00:00,M-102,70.91,1.98,5.64,228.0,1
RDG-00246,2025-02-06 08:00:00,M-102,65.88,2.08,5.46,228.2,0
RDG-00247,2025-02-06 14:00:00,M-102,67.6,2.38,5.14,228.5,0
RDG-00248,2025-02-07 02:00:00,M-102,65.59,2.0,6.04,229.0,0
RDG-00249,2025-02-07 08:00:00,M-102,66.7,2.32,5.47,229.2,0
RDG-00250,2025-02-07 14:00:00,M-102,57.62,2.2,6.39,229.5,0
RDG-00251,2025-02-08 08:00:00,M-102,70.51,2.46,5.72,230.2,3
RDG-00252,2025-02-08 14:00:00,M-102,63.23,1.88,6.02,230.5,0
RDG-00253,2025-02-09 08:00:00,M-102,63.76,2.23,5.87,231.2,0
RDG-00254,2025-02-10 08:00:00,M-102,66.31,2.05,5.71,232.2,0
RDG-00255,2025-02-11 14:00:00,M-102,68.44,2.44,5.98,233.5,1
RDG-00256,2025-02-12 08:00:00,M-102,63.35,2.01,5.82,234.2,0
RDG-00257,2025-02-13 02:00:00,M-102,64.97,1.98,5.64,235.0,0
RDG-00258,2025-02-13 08:00:00,M-102,62.76,2.19,5.25,235.2,0
RDG-00259,2025-02-13 14:00:00,M-102,67.94,2.65,5.59,235.5,2
RDG-00260,2025-02-13 20:00:00,M-102,66.55,2.04,6.09,235.8,0
RDG-00261,2025-02-14 02:00:00,M-102,68.13,2.32,5.45,236.0,3
RDG-00262,2025-02-14 08:00:00,M-102,62.57,2.3,5.92,236.2,0
RDG-00263,2025-02-14 14:00:00,M-102,62.41,2.02,6.07,236.5,0
RDG-00264,2025-02-14 20:00:00,M-102,65.72,2.4,5.78,236.8,0
RDG-00265,2025-02-15 14:00:00,M-102,65.45,2.37,5.66,237.5,0
RDG-00266,2025-02-15 20:00:00,M-102,61.77,1.79,5.59,237.8,0
RDG-00267,2025-02-16 08:00:00,M-102,66.86,2.66,5.46,238.2,2
RDG-00268,2025-02-16 20:00:00,M-102,67.29,2.45,5.34,238.8,1
RDG-00269,2025-02-17 02:00:00,M-102,63.96,2.27,6.11,239.0,0
RDG-00270,2025-02-17 08:00:00,M-102,66.32,2.48,5.92,239.2,1
RDG-00271,2025-02-18 02:00:00,M-102,67.85,2.1,5.3,240.0,0
RDG-00272,2025-02-18 08:00:00,M-102,72.93,2.08,5.55,240.2,2
RDG-00273,2025-02-19 08:00:00,M-102,66.94,1.97,6.09,241.2,0
RDG-00274,2025-02-19 14:00:00,M-102,62.05,2.0,5.49,241.5,0
RDG-00275,2025-02-19 20:00:00,M-102,61.9,2.16,6.22,241.8,0
RDG-00276,2025-02-20 08:00:00,M-102,66.73,2.38,5.87,242.2,0
RDG-00277,2025-02-20 14:00:00,M-102,75.0,2.01,5.89,242.5,2
RDG-00278,2025-02-20 20:00:00,M-102,61.07,2.37,6.05,242.8,0
RDG-00279,2025-02-21 02:00:00,M-102,69.26,2.32,5.67,243.0,3
RDG-00280,2025-02-21 14:00:00,M-102,66.51,2.68,5.79,243.5,1
RDG-00281,2025-02-22 02:00:00,M-102,64.24,2.27,6.26,244.0,0
RDG-00282,2025-02-22 08:00:00,M-102,64.91,2.36,6.13,244.2,0
RDG-00283,2025-02-22 14:00:00,M-102,67.27,2.29,5.58,244.5,0
RDG-00284,2025-02-22 20:00:00,M-102,66.45,2.28,5.7,244.8,0
RDG-00285,2025-02-23 08:00:00,M-102,68.45,2.59,5.89,245.2,2
RDG-00286,2025-02-23 20:00:00,M-102,66.34,2.61,5.95,245.8,1
RDG-00287,2025-02-24 02:00:00,M-102,65.49,2.07,6.17,246.0,0
RDG-00288,2025-02-24 08:00:00,M-102,68.23,2.58,5.94,246.2,3
RDG-00289,2025-02-24 14:00:00,M-102,68.32,2.09,5.98,246.5,1
RDG-00290,2025-02-24 20:00:00,M-102,64.26,2.12,5.47,246.8,0
RDG-00291,2025-02-26 08:00:00,M-102,67.76,1.99,5.71,248.2,0
RDG-00292,2025-02-26 14:00:00,M-102,67.27,2.33,5.99,248.5,0
RDG-00293,2025-02-26 20:00:00,M-102,66.55,2.92,5.73,248.8,1
RDG-00294,2025-02-27 02:00:00,M-102,68.4,2.28,5.8,249.0,1
RDG-00295,2025-02-27 08:00:00,M-102,60.25,2.48,5.96,249.2,2
RDG-00296,2025-02-27 14:00:00,M-102,62.82,3.32,6.1,249.5,3
RDG-00297,2025-02-27 20:00:00,M-102,62.66,2.0,5.5,249.8,0
RDG-00298,2025-02-28 02:00:00,M-102,69.63,2.31,5.8,250.0,2
RDG-00299,2025-02-28 08:00:00,M-102,64.69,1.93,5.67,250.2,0
RDG-00300,2025-02-28 14:00:00,M-102,66.93,1.96,5.73,250.5,0
RDG-00301,2025-02-28 20:00:00,M-102,62.26,2.31,6.07,250.8,0
RDG-00302,2025-03-01 08:00:00,M-102,67.92,2.3,5.82,251.2,0
RDG-00303,2025-03-01 14:00:00,M-102,62.74,2.55,5.54,251.5,1
RDG-00304,2025-01-01 04:00:00,M-103,61.4,2.31,5.44,210.0,0
RDG-00305,2025-01-01 10:00:00,M-103,70.49,2.37,5.34,210.2,1
RDG-00306,2025-01-01 16:00:00,M-103,67.44,2.88,5.59,210.5,2
RDG-00307,2025-01-01 22:00:00,M-103,68.46,2.1,5.45,210.8,3
RDG-00308,2025-01-02 04:00:00,M-103,63.26,2.3,5.64,211.0,0
RDG-00309,2025-01-02 10:00:00,M-103,67.79,2.45,5.85,211.2,1
RDG-00310,2025-01-02 16:00:00,M-103,63.06,2.22,5.7,211.5,0
RDG-00311,2025-01-03 16:00:00,M-103,66.09,2.32,5.74,212.5,0
RDG-00312,2025-01-03 22:00:00,M-103,73.93,2.37,5.79,212.8,3
RDG-00313,2025-01-04 10:00:00,M-103,64.46,2.45,5.79,213.2,3
RDG-00314,2025-01-05 04:00:00,M-103,65.31,2.87,5.94,214.0,1
RDG-00315,2025-01-05 16:00:00,M-103,71.88,2.22,5.6,214.5,3
RDG-00316,2025-01-06 04:00:00,M-103,66.25,2.81,5.53,215.0,2
RDG-00317,2025-01-07 10:00:00,M-103,68.69,2.38,5.44,216.2,3
RDG-00318,2025-01-07 22:00:00,M-103,65.38,2.88,5.32,216.8,2
RDG-00319,2025-01-08 04:00:00,M-103,64.87,2.24,5.55,217.0,0
RDG-00320,2025-01-08 22:00:00,M-103,66.73,2.78,5.65,217.8,3
RDG-00321,2025-01-09 10:00:00,M-103,70.92,2.59,6.07,218.2,3
RDG-00322,2025-01-10 04:00:00,M-103,70.88,2.49,5.34,219.0,3
RDG-00323,2025-01-10 10:00:00,M-103,62.12,2.12,5.8,219.2,0
RDG-00324,2025-01-10 16:00:00,M-103,67.55,2.62,5.78,219.5,3
RDG-00325,2025-01-10 22:00:00,M-103,63.41,2.67,6.04,219.8,2
RDG-00326,2025-01-11 16:00:00,M-103,62.8,2.56,5.6,220.5,3
RDG-00327,2025-01-11 22:00:00,M-103,67.84,2.25,5.66,220.8,0
RDG-00328,2025-01-12 04:00:00,M-103,63.59,2.37,5.81,221.0,0
RDG-00329,2025-01-12 16:00:00,M-103,62.06,2.46,5.68,221.5,2
RDG-00330,2025-01-12 22:00:00,M-103,71.39,2.18,5.65,221.8,1
RDG-00331,2025-01-13 04:00:00,M-103,66.06,2.07,5.99,222.0,0
RDG-00332,2025-01-13 10:00:00,M-103,66.92,2.51,5.8,222.2,1
RDG-00333,2025-01-13 16:00:00,M-103,66.11,2.4,5.85,222.5,1
RDG-00334,2025-01-14 04:00:00,M-103,67.01,2.3,5.88,223.0,0
RDG-00335,2025-01-14 10:00:00,M-103,67.58,2.15,6.18,223.2,0
RDG-00336,2025-01-14 16:00:00,M-103,68.28,2.35,5.44,223.5,1
RDG-00337,2025-01-14 22:00:00,M-103,64.85,2.27,5.88,223.8,0
RDG-00338,2025-01-15 04:00:00,M-103,68.42,2.57,5.77,224.0,2
RDG-00339,2025-01-15 16:00:00,M-103,63.67,2.06,5.73,224.5,0
RDG-00340,2025-01-15 22:00:00,M-103,69.39,2.2,6.16,224.8,3
RDG-00341,2025-01-16 04:00:00,M-103,63.67,2.47,5.62,225.0,1
RDG-00342,2025-01-16 16:00:00,M-103,64.3,2.23,5.8,225.5,0
RDG-00343,2025-01-16 22:00:00,M-103,67.35,2.45,5.38,225.8,1
RDG-00344,2025-01-17 04:00:00,M-103,69.68,2.35,6.06,226.0,1
RDG-00345,2025-01-17 10:00:00,M-103,67.74,2.52,5.71,226.2,2
RDG-00346,2025-01-17 22:00:00,M-103,73.12,2.04,5.72,226.8,3
RDG-00347,2025-01-18 04:00:00,M-103,66.41,2.69,6.34,227.0,1
RDG-00348,2025-01-18 10:00:00,M-103,67.68,2.42,6.33,227.2,2
RDG-00349,2025-01-18 22:00:00,M-103,70.32,2.19,5.73,227.8,3
RDG-00350,2025-01-19 04:00:00,M-103,70.31,2.67,5.83,228.0,1
RDG-00351,2025-01-19 10:00:00,M-103,69.46,2.54,5.72,228.2,1
RDG-00352,2025-01-19 16:00:00,M-103,67.73,2.38,5.28,228.5,0
RDG-00353,2025-01-20 16:00:00,M-103,66.74,2.4,5.81,229.5,1
RDG-00354,2025-01-20 22:00:00,M-103,67.8,2.36,6.41,229.8,0
RDG-00355,2025-01-21 16:00:00,M-103,65.73,2.57,5.63,230.5,1
RDG-00356,2025-01-21 22:00:00,M-103,64.05,2.28,6.02,230.8,0
RDG-00357,2025-01-22 04:00:00,M-103,71.68,2.53,6.27,231.0,1
RDG-00358,2025-01-22 16:00:00,M-103,66.97,2.4,5.64,231.5,2
RDG-00359,2025-01-23 04:00:00,M-103,68.24,2.54,5.43,232.0,1
RDG-00360,2025-01-23 10:00:00,M-103,65.61,2.44,5.65,232.2,1
RDG-00361,2025-01-23 16:00:00,M-103,65.95,2.48,5.96,232.5,3
RDG-00362,2025-01-24 10:00:00,M-103,69.2,2.51,6.07,233.2,3
RDG-00363,2025-01-24 22:00:00,M-103,69.26,1.95,6.03,233.8,1
RDG-00364,2025-01-25 04:00:00,M-103,63.2,2.3,5.73,234.0,0
RDG-00365,2025-01-25 16:00:00,M-103,63.68,2.36,5.52,234.5,0
RDG-00366,2025-01-25 22:00:00,M-103,65.75,2.47,5.77,234.8,3
RDG-00367,2025-01-26 04:00:00,M-103,62.81,2.42,5.49,235.0,1
RDG-00368,2025-01-26 10:00:00,M-103,67.55,2.04,6.04,235.2,0
RDG-00369,2025-01-26 16:00:00,M-103,70.45,2.47,5.75,235.5,2
RDG-00370,2025-01-27 22:00:00,M-103,66.84,2.46,5.8,236.8,3
RDG-00371,2025-01-28 10:00:00,M-103,68.38,2.31,6.51,237.2,1
RDG-00372,2025-01-28 16:00:00,M-103,69.7,2.52,5.97,237.5,2
RDG-00373,2025-01-28 22:00:00,M-103,71.77,2.71,5.29,237.8,3
RDG-00374,2025-01-29 10:00:00,M-103,67.95,2.14,5.79,238.2,0
RDG-00375,2025-01-29 16:00:00,M-103,68.49,2.44,5.48,238.5,2
RDG-00376,2025-01-29 22:00:00,M-103,74.83,1.66,5.82,238.8,2
RDG-00377,2025-01-30 04:00:00,M-103,65.62,2.54,5.51,239.0,3
RDG-00378,2025-01-30 10:00:00,M-103,66.83,2.68,5.41,239.2,2
RDG-00379,2025-01-30 16:00:00,M-103,73.43,1.86,5.65,239.5,2
RDG-00380,2025-01-30 22:00:00,M-103,69.35,2.75,5.85,239.8,2
RDG-00381,2025-01-31 10:00:00,M-103,65.03,2.09,5.68,240.2,0
RDG-00382,2025-02-01 16:00:00,M-103,67.63,2.26,5.68,241.5,0
RDG-00383,2025-02-01 22:00:00,M-103,71.17,2.42,6.04,241.8,3
RDG-00384,2025-02-02 04:00:00,M-103,66.95,2.07,5.84,242.0,0
RDG-00385,2025-02-02 10:00:00,M-103,70.17,2.4,6.15,242.2,2
RDG-00386,2025-02-02 22:00:00,M-103,63.47,2.28,5.87,242.8,0
RDG-00387,2025-02-03 04:00:00,M-103,61.86,2.58,5.87,243.0,2
RDG-00388,2025-02-03 10:00:00,M-103,67.65,2.53,5.73,243.2,1
RDG-00389,2025-02-03 16:00:00,M-103,68.93,2.43,5.75,243.5,2
RDG-00390,2025-02-04 10:00:00,M-103,66.56,2.43,5.95,244.2,1
RDG-00391,2025-02-04 16:00:00,M-103,68.77,2.15,5.99,244.5,3
RDG-00392,2025-02-04 22:00:00,M-103,70.14,1.83,5.84,244.8,3
RDG-00393,2025-02-05 04:00:00,M-103,64.79,2.28,5.34,245.0,0
RDG-00394,2025-02-05 10:00:00,M-103,66.27,2.12,5.99,245.2,0
RDG-00395,2025-02-05 16:00:00,M-103,67.4,2.27,5.52,245.5,0
RDG-00396,2025-02-05 22:00:00,M-103,67.03,2.53,5.6,245.8,2
RDG-00397,2025-02-06 10:00:00,M-103,63.51,2.16,5.54,246.2,0
RDG-00398,2025-02-06 16:00:00,M-103,66.86,2.73,6.03,246.5,1
RDG-00399,2025-02-07 16:00:00,M-103,68.85,2.14,5.92,247.5,3
RDG-00400,2025-02-07 22:00:00,M-103,70.92,2.19,6.0,247.8,3
RDG-00401,2025-02-08 04:00:00,M-103,68.65,2.42,5.42,248.0,2
RDG-00402,2025-02-08 22:00:00,M-103,61.61,2.72,5.74,248.8,2
RDG-00403,2025-02-09 16:00:00,M-103,65.11,2.43,5.6,249.5,2
RDG-00404,2025-02-10 04:00:00,M-103,66.86,2.13,5.82,250.0,0
RDG-00405,2025-02-10 22:00:00,M-103,66.63,2.37,5.7,250.8,0
RDG-00406,2025-02-11 16:00:00,M-103,69.98,2.17,5.67,251.5,1
RDG-00407,2025-02-11 22:00:00,M-103,67.44,2.53,5.65,251.8,1
RDG-00408,2025-02-12 04:00:00,M-103,66.99,2.34,6.11,252.0,0
RDG-00409,2025-02-12 16:00:00,M-103,65.12,2.56,5.58,252.5,1
RDG-00410,2025-02-12 22:00:00,M-103,64.38,2.26,5.89,252.8,0
RDG-00411,2025-02-13 10:00:00,M-103,68.6,2.41,5.76,253.2,1
RDG-00412,2025-02-13 16:00:00,M-103,69.51,2.17,6.05,253.5,2
RDG-00413,2025-02-14 10:00:00,M-103,70.82,2.45,5.65,254.2,1
RDG-00414,2025-02-14 16:00:00,M-103,70.94,2.34,5.88,254.5,3
RDG-00415,2025-02-15 04:00:00,M-103,68.13,1.81,5.71,255.0,2
RDG-00416,2025-02-15 10:00:00,M-103,65.03,2.7,5.8,255.2,2
RDG-00417,2025-02-16 04:00:00,M-103,67.18,2.43,6.35,256.0,2
RDG-00418,2025-02-16 10:00:00,M-103,71.82,2.82,5.49,256.2,3
RDG-00419,2025-02-16 16:00:00,M-103,67.42,2.49,6.11,256.5,2
RDG-00420,2025-02-17 10:00:00,M-103,66.88,2.16,6.1,257.2,0
RDG-00421,2025-02-17 16:00:00,M-103,72.78,2.56,5.94,257.5,3
RDG-00422,2025-02-17 22:00:00,M-103,72.78,2.63,5.97,257.8,3
RDG-00423,2025-02-18 04:00:00,M-103,67.56,2.59,5.46,258.0,2
RDG-00424,2025-02-18 22:00:00,M-103,64.8,2.6,5.44,258.8,2
RDG-00425,2025-02-19 10:00:00,M-103,67.48,2.29,5.45,259.2,0
RDG-00426,2025-02-19 16:00:00,M-103,66.18,2.48,5.68,259.5,3
RDG-00427,2025-02-20 16:00:00,M-103,67.55,1.79,5.96,260.5,0
RDG-00428,2025-02-21 04:00:00,M-103,63.14,2.13,5.99,261.0,0
RDG-00429,2025-02-21 10:00:00,M-103,64.21,2.24,5.57,261.2,0
RDG-00430,2025-02-21 16:00:00,M-103,69.84,2.61,5.74,261.5,3
RDG-00431,2025-02-22 04:00:00,M-103,67.5,2.29,5.95,262.0,0
RDG-00432,2025-02-22 16:00:00,M-103,72.38,1.94,5.98,262.5,3
RDG-00433,2025-02-23 10:00:00,M-103,62.49,2.3,5.82,263.2,0
RDG-00434,2025-02-23 22:00:00,M-103,62.13,2.43,5.78,263.8,1
RDG-00435,2025-02-24 04:00:00,M-103,67.61,2.35,6.1,264.0,0
RDG-00436,2025-02-24 10:00:00,M-103,63.91,2.12,5.37,264.2,0
RDG-00437,2025-02-25 10:00:00,M-103,60.61,2.42,5.63,265.2,3
RDG-00438,2025-02-25 16:00:00,M-103,63.82,2.7,5.74,265.5,1
RDG-00439,2025-02-26 10:00:00,M-103,64.82,2.85,5.94,266.2,2
RDG-00440,2025-02-26 16:00:00,M-103,66.81,2.78,5.45,266.5,2
RDG-00441,2025-02-26 22:00:00,M-103,72.19,2.07,5.48,266.8,3
RDG-00442,2025-02-27 04:00:00,M-103,67.68,2.18,5.6,267.0,0
RDG-00443,2025-02-27 16:00:00,M-103,64.2,2.12,5.96,267.5,0
RDG-00444,2025-02-28 04:00:00,M-103,65.91,2.47,6.47,268.0,3
RDG-00445,2025-02-28 16:00:00,M-103,65.01,2.58,5.97,268.5,3
RDG-00446,2025-02-28 22:00:00,M-103,68.56,2.47,5.76,268.8,3
RDG-00447,2025-03-01 04:00:00,M-103,66.56,2.27,5.91,269.0,0
RDG-00448,2025-01-01 06:00:00,M-201,65.13,1.91,5.53,183.0,0
RDG-00449,2025-01-01 12:00:00,M-201,70.7,2.34,5.87,183.2,2
RDG-00450,2025-01-02 00:00:00,M-201,63.23,2.21,6.02,183.8,0
RDG-00451,2025-01-02 06:00:00,M-201,67.57,2.21,5.64,184.0,0
RDG-00452,2025-01-02 12:00:00,M-201,61.39,2.26,6.23,184.2,0
RDG-00453,2025-01-02 18:00:00,M-201,61.71,2.17,6.0,184.5,0
RDG-00454,2025-01-03 00:00:00,M-201,65.93,2.4,5.4,184.8,0
RDG-00455,2025-01-03 06:00:00,M-201,60.96,2.15,5.77,185.0,0
RDG-00456,2025-01-03 18:00:00,M-201,65.67,2.57,5.88,185.5,3
RDG-00457,2025-01-04 00:00:00,M-201,64.58,2.33,5.66,185.8,0
RDG-00458,2025-01-05 00:00:00,M-201,66.9,1.48,6.22,186.8,0
RDG-00459,2025-01-05 06:00:00,M-201,61.83,2.14,5.66,187.0,0
RDG-00460,2025-01-05 12:00:00,M-201,63.75,2.73,6.01,187.2,1
RDG-00461,2025-01-06 06:00:00,M-201,66.11,2.06,5.69,188.0,0
RDG-00462,2025-01-06 12:00:00,M-201,67.57,1.92,5.73,188.2,0
RDG-00463,2025-01-06 18:00:00,M-201,64.53,2.15,5.86,188.5,0
RDG-00464,2025-01-07 06:00:00,M-201,62.2,2.32,6.19,189.0,0
RDG-00465,2025-01-07 12:00:00,M-201,65.95,2.17,6.09,189.2,0
RDG-00466,2025-01-08 00:00:00,M-201,65.68,2.07,6.33,189.8,0
RDG-00467,2025-01-08 18:00:00,M-201,66.83,1.95,5.76,190.5,0
RDG-00468,2025-01-09 06:00:00,M-201,67.26,2.02,5.75,191.0,0
RDG-00469,2025-01-09 12:00:00,M-201,69.45,2.36,6.0,191.2,3
RDG-00470,2025-01-10 00:00:00,M-201,65.13,1.96,5.84,191.8,0
RDG-00471,2025-01-10 06:00:00,M-201,62.17,2.2,6.02,192.0,0
RDG-00472,2025-01-10 12:00:00,M-201,69.17,2.27,5.71,192.2,1
RDG-00473,2025-01-11 06:00:00,M-201,69.45,2.36,6.13,193.0,3
RDG-00474,2025-01-11 12:00:00,M-201,62.11,2.69,5.58,193.2,1
RDG-00475,2025-01-12 12:00:00,M-201,58.43,2.15,5.53,194.2,0
RDG-00476,2025-01-12 18:00:00,M-201,63.64,2.14,5.89,194.5,0
RDG-00477,2025-01-13 06:00:00,M-201,66.18,1.94,5.73,195.0,0
RDG-00478,2025-01-13 12:00:00,M-201,66.02,2.39,5.56,195.2,0
RDG-00479,2025-01-13 18:00:00,M-201,63.55,2.26,5.73,195.5,0
RDG-00480,2025-01-14 00:00:00,M-201,63.44,2.09,5.55,195.8,0
RDG-00481,2025-01-14 12:00:00,M-201,61.88,2.3,5.92,196.2,0
RDG-00482,2025-01-14 18:00:00,M-201,62.57,1.8,5.51,196.5,0
RDG-00483,2025-01-15 00:00:00,M-201,68.35,2.32,5.81,196.8,3
RDG-00484,2025-01-15 12:00:00,M-201,66.51,2.45,5.6,197.2,2
RDG-00485,2025-01-15 18:00:00,M-201,61.29,2.07,5.83,197.5,0
RDG-00486,2025-01-16 00:00:00,M-201,63.31,2.13,6.06,197.8,0
RDG-00487,2025-01-16 06:00:00,M-201,64.04,2.01,6.21,198.0,0
RDG-00488,2025-01-16 12:00:00,M-201,64.79,2.05,5.49,198.2,0
RDG-00489,2025-01-16 18:00:00,M-201,63.64,2.15,5.59,198.5,0
RDG-00490,2025-01-17 00:00:00,M-201,69.22,2.1,5.33,198.8,2
RDG-00491,2025-01-17 06:00:00,M-201,69.46,2.24,6.27,199.0,3
RDG-00492,2025-01-18 00:00:00,M-201,63.45,1.85,5.37,199.8,0
RDG-00493,2025-01-18 06:00:00,M-201,61.12,2.04,6.23,200.0,0
RDG-00494,2025-01-18 12:00:00,M-201,59.6,2.57,5.57,200.2,1
RDG-00495,2025-01-19 00:00:00,M-201,63.94,2.13,5.35,200.8,0
RDG-00496,2025-01-19 12:00:00,M-201,63.67,1.99,5.65,201.2,0
RDG-00497,2025-01-19 18:00:00,M-201,60.88,2.23,5.86,201.5,0
RDG-00498,2025-01-20 00:00:00,M-201,63.24,2.09,5.88,201.8,0
RDG-00499,2025-01-20 06:00:00,M-201,72.32,1.74,6.09,202.0,3
RDG-00500,2025-01-20 12:00:00,M-201,68.71,2.4,5.65,202.2,3
RDG-00501,2025-01-20 18:00:00,M-201,66.33,2.44,5.82,202.5,3
RDG-00502,2025-01-21 00:00:00,M-201,59.48,2.59,5.78,202.8,3
RDG-00503,2025-01-21 06:00:00,M-201,64.17,2.02,5.92,203.0,0
RDG-00504,2025-01-21 12:00:00,M-201,65.61,2.11,5.44,203.2,0
RDG-00505,2025-01-21 18:00:00,M-201,73.38,2.56,5.63,203.5,2
RDG-00506,2025-01-22 00:00:00,M-201,61.86,2.55,6.01,203.8,1
RDG-00507,2025-01-22 06:00:00,M-201,63.36,2.08,5.82,204.0,0
RDG-00508,2025-01-22 18:00:00,M-201,65.06,2.08,5.52,204.5,0
RDG-00509,2025-01-23 00:00:00,M-201,63.96,1.87,5.87,204.8,0
RDG-00510,2025-01-23 06:00:00,M-201,58.79,2.63,5.94,205.0,1
RDG-00511,2025-01-24 00:00:00,M-201,63.73,2.09,5.8,205.8,0
RDG-00512,2025-01-24 06:00:00,M-201,63.63,2.34,5.84,206.0,0
RDG-00513,2025-01-24 18:00:00,M-201,63.77,2.41,5.88,206.5,1
RDG-00514,2025-01-25 00:00:00,M-201,63.42,2.25,5.93,206.8,0
RDG-00515,2025-01-25 18:00:00,M-201,62.97,2.21,5.61,207.5,0
RDG-00516,2025-01-26 06:00:00,M-201,59.65,2.06,6.28,208.0,0
RDG-00517,2025-01-26 12:00:00,M-201,65.65,2.22,6.27,208.2,0
RDG-00518,2025-01-27 00:00:00,M-201,60.85,2.01,6.12,208.8,0
RDG-00519,2025-01-27 06:00:00,M-201,64.89,2.61,5.56,209.0,3
RDG-00520,2025-01-27 18:00:00,M-201,62.39,2.57,6.28,209.5,3
RDG-00521,2025-01-28 06:00:00,M-201,64.0,2.08,5.78,210.0,0
RDG-00522,2025-01-28 12:00:00,M-201,63.08,2.17,5.72,210.2,0
RDG-00523,2025-01-28 18:00:00,M-201,66.59,2.61,5.83,210.5,1
RDG-00524,2025-01-29 06:00:00,M-201,61.56,2.16,5.97,211.0,0
RDG-00525,2025-01-29 12:00:00,M-201,66.12,2.12,6.09,211.2,0
RDG-00526,2025-01-29 18:00:00,M-201,61.81,1.46,5.55,211.5,0
RDG-00527,2025-01-30 00:00:00,M-201,62.55,1.64,5.39,211.8,0
RDG-00528,2025-01-30 12:00:00,M-201,61.91,2.21,5.5,212.2,0
RDG-00529,2025-01-30 18:00:00,M-201,63.82,2.37,6.02,212.5,0
RDG-00530,2025-01-31 06:00:00,M-201,63.49,2.17,5.63,213.0,0
RDG-00531,2025-01-31 18:00:00,M-201,65.29,2.34,5.69,213.5,0
RDG-00532,2025-02-01 00:00:00,M-201,61.99,2.02,5.53,213.8,0
RDG-00533,2025-02-01 12:00:00,M-201,63.86,2.05,5.68,214.2,0
RDG-00534,2025-02-02 00:00:00,M-201,64.96,2.43,5.94,214.8,3
RDG-00535,2025-02-02 06:00:00,M-201,59.48,2.46,5.51,215.0,1
RDG-00536,2025-02-02 12:00:00,M-201,59.68,2.31,5.71,215.2,0
RDG-00537,2025-02-02 18:00:00,M-201,61.05,2.18,5.85,215.5,0
RDG-00538,2025-02-03 00:00:00,M-201,70.44,2.23,5.45,215.8,1
RDG-00539,2025-02-03 12:00:00,M-201,63.18,2.3,6.18,216.2,0
RDG-00540,2025-02-03 18:00:00,M-201,67.73,2.49,5.65,216.5,2
RDG-00541,2025-02-04 06:00:00,M-201,68.18,2.44,5.66,217.0,1
RDG-00542,2025-02-05 06:00:00,M-201,66.44,2.27,5.88,218.0,0
RDG-00543,2025-02-05 12:00:00,M-201,65.72,2.11,5.81,218.2,0
RDG-00544,2025-02-06 00:00:00,M-201,64.5,2.36,5.61,218.8,0
RDG-00545,2025-02-06 06:00:00,M-201,65.47,2.76,5.51,219.0,1
RDG-00546,2025-02-07 18:00:00,M-201,67.11,2.82,5.37,220.5,1
RDG-00547,2025-02-08 00:00:00,M-201,63.53,2.67,6.12,220.8,1
RDG-00548,2025-02-08 18:00:00,M-201,68.78,2.19,5.99,221.5,2
RDG-00549,2025-02-09 00:00:00,M-201,64.46,2.15,5.65,221.8,0
RDG-00550,2025-02-09 06:00:00,M-201,66.48,2.17,5.89,222.0,0
RDG-00551,2025-02-09 12:00:00,M-201,66.34,2.1,5.6,222.2,0
RDG-00552,2025-02-09 18:00:00,M-201,69.91,1.93,6.03,222.5,3
RDG-00553,2025-02-10 00:00:00,M-201,62.48,2.07,6.15,222.8,0
RDG-00554,2025-02-10 06:00:00,M-201,63.42,2.26,6.37,223.0,0
RDG-00555,2025-02-10 18:00:00,M-201,63.49,2.7,5.42,223.5,1
RDG-00556,2025-02-11 06:00:00,M-201,59.39,2.42,5.4,224.0,2
RDG-00557,2025-02-11 12:00:00,M-201,70.34,2.31,6.14,224.2,1
RDG-00558,2025-02-11 18:00:00,M-201,62.92,2.08,5.79,224.5,0
RDG-00559,2025-02-12 00:00:00,M-201,57.89,2.23,5.94,224.8,0
RDG-00560,2025-02-12 06:00:00,M-201,64.86,1.77,5.97,225.0,0
RDG-00561,2025-02-12 12:00:00,M-201,66.9,1.83,5.94,225.2,0
RDG-00562,2025-02-13 00:00:00,M-201,58.01,1.9,5.93,225.8,0
RDG-00563,2025-02-13 18:00:00,M-201,66.7,2.26,5.71,226.5,0
RDG-00564,2025-02-14 00:00:00,M-201,64.25,2.37,5.97,226.8,0
RDG-00565,2025-02-14 06:00:00,M-201,67.58,1.86,5.92,227.0,0
RDG-00566,2025-02-14 18:00:00,M-201,60.51,2.4,5.73,227.5,0
RDG-00567,2025-02-15 00:00:00,M-201,67.53,2.79,5.65,227.8,3
RDG-00568,2025-02-15 06:00:00,M-201,70.54,2.22,6.0,228.0,1
RDG-00569,2025-02-15 12:00:00,M-201,67.6,2.24,6.11,228.2,0
RDG-00570,2025-02-16 18:00:00,M-201,61.94,2.26,5.77,229.5,0
RDG-00571,2025-02-17 00:00:00,M-201,67.33,2.03,5.59,229.8,0
RDG-00572,2025-02-17 06:00:00,M-201,61.27,2.31,5.72,230.0,0
RDG-00573,2025-02-17 12:00:00,M-201,61.95,2.04,6.13,230.2,0
RDG-00574,2025-02-18 00:00:00,M-201,64.62,2.13,6.03,230.8,0
RDG-00575,2025-02-18 06:00:00,M-201,67.81,2.21,5.63,231.0,0
RDG-00576,2025-02-18 12:00:00,M-201,60.8,2.37,5.56,231.2,0
RDG-00577,2025-02-18 18:00:00,M-201,61.57,2.13,5.77,231.5,0
RDG-00578,2025-02-19 06:00:00,M-201,70.32,2.01,5.97,232.0,2
RDG-00579,2025-02-19 18:00:00,M-201,69.04,2.49,5.7,232.5,1
RDG-00580,2025-02-20 06:00:00,M-201,59.78,2.41,5.71,233.0,3
RDG-00581,2025-02-20 12:00:00,M-201,58.79,1.9,5.75,233.2,0
RDG-00582,2025-02-21 00:00:00,M-201,66.85,2.36,5.6,233.8,0
RDG-00583,2025-02-21 06:00:00,M-201,59.78,1.87,5.71,234.0,0
RDG-00584,2025-02-21 18:00:00,M-201,64.34,2.51,5.86,234.5,1
RDG-00585,2025-02-22 06:00:00,M-201,67.96,1.94,5.63,235.0,0
RDG-00586,2025-02-22 12:00:00,M-201,65.36,2.41,5.58,235.2,3
RDG-00587,2025-02-23 00:00:00,M-201,62.71,2.26,5.75,235.8,0
RDG-00588,2025-02-23 06:00:00,M-201,60.12,2.29,5.83,236.0,0
RDG-00589,2025-02-23 18:00:00,M-201,66.35,2.15,6.43,236.5,0
RDG-00590,2025-02-24 06:00:00,M-201,62.73,2.49,6.0,237.0,3
RDG-00591,2025-02-24 12:00:00,M-201,60.0,2.33,5.78,237.2,0
RDG-00592,2025-02-24 18:00:00,M-201,64.56,2.31,6.01,237.5,0
RDG-00593,2025-02-25 00:00:00,M-201,60.6,2.22,6.07,237.8,0
RDG-00594,2025-02-25 06:00:00,M-201,63.81,1.73,6.02,238.0,0
RDG-00595,2025-02-25 12:00:00,M-201,74.68,2.75,5.99,238.2,2
RDG-00596,2025-02-25 18:00:00,M-201,66.61,2.43,6.0,238.5,1
RDG-00597,2025-02-26 06:00:00,M-201,62.28,2.26,5.33,239.0,0
RDG-00598,2025-02-27 00:00:00,M-201,64.8,2.7,5.86,239.8,3
RDG-00599,2025-02-27 06:00:00,M-201,58.68,2.06,5.72,240.0,0
RDG-00600,2025-02-27 18:00:00,M-201,67.5,2.62,6.23,240.5,2
RDG-00601,2025-02-28 00:00:00,M-201,60.72,2.38,5.63,240.8,0
RDG-00602,2025-02-28 06:00:00,M-201,63.65,1.85,5.49,241.0,0
RDG-00603,2025-02-28 12:00:00,M-201,67.9,2.02,5.26,241.2,0
RDG-00604,2025-03-01 00:00:00,M-201,60.86,1.86,5.56,241.8,0
RDG-00605,2025-01-01 08:00:00,M-202,66.39,2.74,5.54,255.0,1
RDG-00606,2025-01-02 02:00:00,M-202,64.97,3.07,6.03,255.8,2
RDG-00607,2025-01-03 08:00:00,M-202,71.02,2.75,5.25,257.0,1
RDG-00608,2025-01-03 20:00:00,M-202,73.14,3.08,6.03,257.5,3
RDG-00609,2025-01-04 02:00:00,M-202,71.04,2.61,5.72,257.8,3
RDG-00610,2025-01-04 08:00:00,M-202,64.8,2.2,5.55,258.0,0
RDG-00611,2025-01-04 14:00:00,M-202,66.66,2.29,5.91,258.2,0
RDG-00612,2025-01-05 02:00:00,M-202,67.55,2.79,5.79,258.8,1
RDG-00613,2025-01-05 08:00:00,M-202,74.4,2.24,5.61,259.0,1
RDG-00614,2025-01-05 14:00:00,M-202,68.34,3.31,5.68,259.2,2
RDG-00615,2025-01-05 20:00:00,M-202,67.56,2.92,6.0,259.5,3
RDG-00616,2025-01-06 02:00:00,M-202,72.09,2.86,5.25,259.8,2
RDG-00617,2025-01-06 08:00:00,M-202,69.75,2.8,5.36,260.0,1
RDG-00618,2025-01-07 02:00:00,M-202,75.99,2.71,6.09,260.8,2
RDG-00619,2025-01-07 08:00:00,M-202,74.25,2.81,5.86,261.0,3
RDG-00620,2025-01-07 14:00:00,M-202,69.25,2.67,5.43,261.2,3
RDG-00621,2025-01-07 20:00:00,M-202,69.86,2.72,5.54,261.5,2
RDG-00622,2025-01-08 02:00:00,M-202,77.76,2.69,5.98,261.8,3
RDG-00623,2025-01-08 08:00:00,M-202,71.89,2.33,5.83,262.0,1
RDG-00624,2025-01-08 14:00:00,M-202,72.59,2.49,5.72,262.2,1
RDG-00625,2025-01-09 02:00:00,M-202,71.22,2.85,5.88,262.8,1
RDG-00626,2025-01-09 08:00:00,M-202,74.33,3.01,5.88,263.0,2
RDG-00627,2025-01-09 14:00:00,M-202,72.57,2.84,5.85,263.2,1
RDG-00628,2025-01-09 20:00:00,M-202,73.08,2.89,5.92,263.5,3
RDG-00629,2025-01-10 02:00:00,M-202,74.57,2.74,5.77,263.8,3
RDG-00630,2025-01-10 14:00:00,M-202,67.79,2.55,5.68,264.2,1
RDG-00631,2025-01-10 20:00:00,M-202,71.63,2.39,5.24,264.5,1
RDG-00632,2025-01-11 02:00:00,M-202,75.56,2.66,6.12,264.8,3
RDG-00633,2025-01-11 08:00:00,M-202,76.3,2.11,5.78,265.0,3
RDG-00634,2025-01-11 20:00:00,M-202,72.49,2.68,6.46,265.5,2
RDG-00635,2025-01-12 02:00:00,M-202,74.51,2.53,5.69,265.8,2
RDG-00636,2025-01-12 08:00:00,M-202,76.05,2.78,5.39,266.0,1
RDG-00637,2025-01-12 14:00:00,M-202,72.36,2.79,5.7,266.2,2
RDG-00638,2025-01-13 02:00:00,M-202,78.04,2.46,6.31,266.8,1
RDG-00639,2025-01-13 08:00:00,M-202,71.59,2.21,5.74,267.0,2
RDG-00640,2025-01-13 20:00:00,M-202,71.27,2.97,5.88,267.5,3
RDG-00641,2025-01-14 02:00:00,M-202,71.94,2.74,5.67,267.8,2
RDG-00642,2025-01-14 08:00:00,M-202,70.1,2.56,5.89,268.0,2
RDG-00643,2025-01-14 14:00:00,M-202,68.76,3.04,5.52,268.2,2
RDG-00644,2025-01-14 20:00:00,M-202,67.08,2.71,5.65,268.5,1
RDG-00645,2025-01-15 02:00:00,M-202,69.16,2.71,5.81,268.8,2
RDG-00646,2025-01-15 08:00:00,M-202,70.7,2.6,5.91,269.0,2
RDG-00647,2025-01-15 14:00:00,M-202,76.49,2.98,5.94,269.2,3
RDG-00648,2025-01-15 20:00:00,M-202,70.94,2.94,6.19,269.5,2
RDG-00649,2025-01-16 02:00:00,M-202,71.18,2.3,5.7,269.8,1
RDG-00650,2025-01-16 08:00:00,M-202,69.07,2.58,6.1,270.0,1
RDG-00651,2025-01-16 14:00:00,M-202,72.86,2.93,6.01,270.2,2
RDG-00652,2025-01-17 02:00:00,M-202,71.44,2.52,6.09,270.8,2
RDG-00653,2025-01-17 08:00:00,M-202,68.74,3.18,5.97,271.0,2
RDG-00654,2025-01-17 20:00:00,M-202,69.46,2.66,5.68,271.5,3
RDG-00655,2025-01-18 08:00:00,M-202,70.96,2.32,5.89,272.0,3
RDG-00656,2025-01-18 20:00:00,M-202,74.27,2.69,5.54,272.5,2
RDG-00657,2025-01-19 02:00:00,M-202,71.04,2.7,6.08,272.8,3
RDG-00658,2025-01-19 08:00:00,M-202,74.56,2.6,5.32,273.0,2
RDG-00659,2025-01-19 14:00:00,M-202,68.35,2.83,5.56,273.2,1
RDG-00660,2025-01-19 20:00:00,M-202,76.11,2.52,5.83,273.5,1
RDG-00661,2025-01-20 02:00:00,M-202,75.1,2.28,5.91,273.8,2
RDG-00662,2025-01-20 08:00:00,M-202,72.25,2.94,5.61,274.0,2
RDG-00663,2025-01-20 20:00:00,M-202,71.32,2.28,5.77,274.5,3
RDG-00664,2025-01-21 02:00:00,M-202,71.43,2.77,5.56,274.8,3
RDG-00665,2025-01-21 08:00:00,M-202,67.36,2.45,5.68,275.0,1
RDG-00666,2025-01-21 20:00:00,M-202,74.69,2.37,5.62,275.5,3
RDG-00667,2025-01-22 08:00:00,M-202,69.22,2.8,5.95,276.0,2
RDG-00668,2025-01-22 14:00:00,M-202,69.9,3.02,5.74,276.2,3
RDG-00669,2025-01-22 20:00:00,M-202,69.92,2.74,6.07,276.5,2
RDG-00670,2025-01-23 02:00:00,M-202,67.0,3.01,5.82,276.8,3
RDG-00671,2025-01-23 08:00:00,M-202,67.75,2.97,6.24,277.0,1
RDG-00672,2025-01-23 14:00:00,M-202,72.07,3.16,5.69,277.2,2
RDG-00673,2025-01-23 20:00:00,M-202,72.64,3.04,5.87,277.5,3
RDG-00674,2025-01-24 08:00:00,M-202,75.11,2.84,5.69,278.0,1
RDG-00675,2025-01-24 14:00:00,M-202,72.14,2.85,5.87,278.2,3
RDG-00676,2025-01-24 20:00:00,M-202,75.99,2.84,5.92,278.5,3
RDG-00677,2025-01-25 02:00:00,M-202,74.57,2.95,5.84,278.8,1
RDG-00678,2025-01-25 08:00:00,M-202,69.62,2.17,5.96,279.0,3
RDG-00679,2025-01-25 20:00:00,M-202,72.26,2.63,5.62,279.5,1
RDG-00680,2025-01-26 02:00:00,M-202,69.25,2.8,5.55,279.8,1
RDG-00681,2025-01-26 08:00:00,M-202,72.43,2.88,5.94,280.0,1
RDG-00682,2025-01-26 14:00:00,M-202,79.54,2.26,5.25,280.2,3
RDG-00683,2025-01-27 02:00:00,M-202,71.27,2.63,5.63,280.8,2
RDG-00684,2025-01-27 08:00:00,M-202,74.03,2.63,5.94,281.0,2
RDG-00685,2025-01-27 20:00:00,M-202,70.24,2.78,5.9,281.5,2
RDG-00686,2025-01-28 02:00:00,M-202,77.27,3.07,5.2,281.8,3
RDG-00687,2025-01-28 08:00:00,M-202,68.93,2.46,5.78,282.0,1
RDG-00688,2025-01-28 14:00:00,M-202,76.99,3.23,5.7,282.2,2
RDG-00689,2025-01-29 02:00:00,M-202,70.64,3.08,5.85,282.8,1
RDG-00690,2025-01-29 08:00:00,M-202,68.46,2.9,5.72,283.0,2
RDG-00691,2025-01-29 20:00:00,M-202,68.11,2.79,5.73,283.5,2
RDG-00692,2025-01-30 02:00:00,M-202,72.99,2.85,6.06,283.8,3
RDG-00693,2025-01-30 08:00:00,M-202,73.3,2.43,5.77,284.0,1
RDG-00694,2025-01-30 14:00:00,M-202,69.56,2.29,5.87,284.2,1
RDG-00695,2025-01-30 20:00:00,M-202,70.16,2.52,5.93,284.5,2
RDG-00696,2025-01-31 02:00:00,M-202,77.01,2.86,6.15,284.8,3
RDG-00697,2025-01-31 08:00:00,M-202,73.24,2.34,5.85,285.0,3
RDG-00698,2025-01-31 14:00:00,M-202,61.17,2.93,5.72,285.2,1
RDG-00699,2025-02-01 08:00:00,M-202,75.31,2.69,5.76,286.0,2
RDG-00700,2025-02-01 20:00:00,M-202,75.24,2.28,5.47,286.5,1
RDG-00701,2025-02-02 02:00:00,M-202,71.4,3.18,5.83,286.8,1
RDG-00702,2025-02-02 08:00:00,M-202,71.66,2.46,5.65,287.0,3
RDG-00703,2025-02-02 14:00:00,M-202,76.19,2.56,5.58,287.2,3
RDG-00704,2025-02-02 20:00:00,M-202,75.73,2.83,5.88,287.5,2
RDG-00705,2025-02-03 02:00:00,M-202,71.07,2.82,5.99,287.8,3
RDG-00706,2025-02-03 14:00:00,M-202,76.16,3.05,6.16,288.2,3
RDG-00707,2025-02-03 20:00:00,M-202,72.56,2.89,5.51,288.5,2
RDG-00708,2025-02-04 02:00:00,M-202,71.18,2.34,5.84,288.8,2
RDG-00709,2025-02-04 14:00:00,M-202,77.54,2.53,5.96,289.2,2
RDG-00710,2025-02-05 02:00:00,M-202,70.11,2.9,5.93,289.8,2
RDG-00711,2025-02-05 08:00:00,M-202,73.52,2.62,5.54,290.0,3
RDG-00712,2025-02-05 20:00:00,M-202,68.47,2.79,5.71,290.5,3
RDG-00713,2025-02-06 02:00:00,M-202,65.64,3.02,5.77,290.8,1
RDG-00714,2025-02-06 14:00:00,M-202,72.28,3.29,5.49,291.2,1
RDG-00715,2025-02-07 14:00:00,M-202,73.41,2.6,5.55,292.2,3
RDG-00716,2025-02-07 20:00:00,M-202,72.22,2.67,5.82,292.5,1
RDG-00717,2025-02-08 02:00:00,M-202,74.71,2.74,5.8,292.8,2
RDG-00718,2025-02-08 14:00:00,M-202,74.32,2.93,5.8,293.2,2
RDG-00719,2025-02-08 20:00:00,M-202,72.55,2.94,6.01,293.5,2
RDG-00720,2025-02-09 02:00:00,M-202,71.51,2.82,5.88,293.8,1
RDG-00721,2025-02-09 08:00:00,M-202,74.49,3.32,5.99,294.0,2
RDG-00722,2025-02-09 20:00:00,M-202,70.45,2.44,5.94,294.5,2
RDG-00723,2025-02-10 02:00:00,M-202,68.65,2.64,5.63,294.8,2
RDG-00724,2025-02-10 20:00:00,M-202,69.89,2.64,5.62,295.5,2
RDG-00725,2025-02-11 08:00:00,M-202,71.74,2.44,5.8,296.0,3
RDG-00726,2025-02-11 14:00:00,M-202,76.41,2.67,5.98,296.2,1
RDG-00727,2025-02-11 20:00:00,M-202,71.64,2.48,5.81,296.5,1
RDG-00728,2025-02-12 02:00:00,M-202,70.39,2.13,6.32,296.8,1
RDG-00729,2025-02-12 08:00:00,M-202,69.75,2.46,5.72,297.0,1
RDG-00730,2025-02-12 20:00:00,M-202,68.21,2.63,6.06,297.5,3
RDG-00731,2025-02-13 08:00:00,M-202,74.37,2.63,5.83,298.0,3
RDG-00732,2025-02-13 14:00:00,M-202,77.13,2.16,5.69,298.2,1
RDG-00733,2025-02-14 08:00:00,M-202,66.27,2.56,5.43,299.0,1
RDG-00734,2025-02-14 14:00:00,M-202,70.53,2.46,5.36,299.2,3
RDG-00735,2025-02-15 14:00:00,M-202,75.89,2.99,5.65,300.2,2
RDG-00736,2025-02-15 20:00:00,M-202,71.35,2.55,5.9,300.5,1
RDG-00737,2025-02-16 02:00:00,M-202,74.72,2.65,5.91,300.8,1
RDG-00738,2025-02-16 08:00:00,M-202,73.13,2.57,5.65,301.0,2
RDG-00739,2025-02-16 14:00:00,M-202,69.84,2.78,5.8,301.2,2
RDG-00740,2025-02-17 02:00:00,M-202,71.04,2.8,5.17,301.8,3
RDG-00741,2025-02-17 08:00:00,M-202,71.88,2.74,5.35,302.0,1
RDG-00742,2025-02-17 14:00:00,M-202,73.85,2.49,5.32,302.2,1
RDG-00743,2025-02-17 20:00:00,M-202,77.37,2.67,6.01,302.5,2
RDG-00744,2025-02-18 02:00:00,M-202,74.28,2.77,5.77,302.8,2
RDG-00745,2025-02-18 08:00:00,M-202,74.25,2.59,6.11,303.0,1
RDG-00746,2025-02-19 08:00:00,M-202,69.55,2.58,5.77,304.0,2
RDG-00747,2025-02-20 14:00:00,M-202,72.53,3.1,6.0,305.2,2
RDG-00748,2025-02-20 20:00:00,M-202,70.82,3.01,6.05,305.5,3
RDG-00749,2025-02-21 02:00:00,M-202,73.53,2.71,5.9,305.8,1
RDG-00750,2025-02-22 02:00:00,M-202,69.38,2.87,5.89,306.8,1
RDG-00751,2025-02-22 08:00:00,M-202,70.78,2.75,5.53,307.0,3
RDG-00752,2025-02-22 14:00:00,M-202,66.9,2.62,5.77,307.2,3
RDG-00753,2025-02-23 02:00:00,M-202,66.7,2.07,6.15,307.8,0
RDG-00754,2025-02-23 08:00:00,M-202,78.81,3.02,6.07,308.0,3
RDG-00755,2025-02-23 14:00:00,M-202,68.99,2.59,5.6,308.2,1
RDG-00756,2025-02-24 02:00:00,M-202,70.51,2.54,5.68,308.8,2
RDG-00757,2025-02-24 08:00:00,M-202,71.92,2.81,5.54,309.0,3
RDG-00758,2025-02-24 20:00:00,M-202,66.13,3.07,5.6,309.5,1
RDG-00759,2025-02-25 02:00:00,M-202,67.22,2.58,6.21,309.8,3
RDG-00760,2025-02-25 08:00:00,M-202,71.16,2.62,5.87,310.0,2
RDG-00761,2025-02-25 20:00:00,M-202,67.12,2.8,6.07,310.5,3
RDG-00762,2025-02-26 02:00:00,M-202,67.21,3.42,5.93,310.8,2
RDG-00763,2025-02-26 08:00:00,M-202,67.21,3.14,5.96,311.0,3
RDG-00764,2025-02-26 14:00:00,M-202,67.82,2.62,6.31,311.2,2
RDG-00765,2025-02-27 02:00:00,M-202,72.29,2.8,6.1,311.8,2
RDG-00766,2025-02-27 14:00:00,M-202,69.91,2.67,5.88,312.2,2
RDG-00767,2025-02-28 02:00:00,M-202,67.62,2.45,6.19,312.8,2
RDG-00768,2025-03-01 02:00:00,M-202,67.76,2.65,5.74,313.8,2
RDG-00769,2025-03-01 14:00:00,M-202,66.74,2.61,5.98,314.2,2
RDG-00770,2025-03-01 20:00:00,M-202,70.01,2.92,5.62,314.5,2
RDG-00771,2025-01-01 10:00:00,M-203,67.58,2.14,5.95,174.0,0
RDG-00772,2025-01-01 22:00:00,M-203,64.26,2.21,6.16,174.5,0
RDG-00773,2025-01-02 04:00:00,M-203,61.94,2.26,5.69,174.8,0
RDG-00774,2025-01-02 10:00:00,M-203,60.07,2.34,5.72,175.0,0
RDG-00775,2025-01-02 16:00:00,M-203,63.17,2.04,5.53,175.2,0
RDG-00776,2025-01-03 04:00:00,M-203,66.42,2.7,6.08,175.8,3
RDG-00777,2025-01-03 16:00:00,M-203,61.73,1.81,5.73,176.2,0
RDG-00778,2025-01-04 04:00:00,M-203,60.1,2.69,5.88,176.8,3
RDG-00779,2025-01-04 10:00:00,M-203,69.97,1.46,6.46,177.0,3
RDG-00780,2025-01-05 04:00:00,M-203,61.18,1.64,5.78,177.8,0
RDG-00781,2025-01-05 16:00:00,M-203,59.23,2.08,5.65,178.2,0
RDG-00782,2025-01-05 22:00:00,M-203,64.96,1.89,5.57,178.5,0
RDG-00783,2025-01-06 04:00:00,M-203,60.51,2.53,5.79,178.8,2
RDG-00784,2025-01-06 10:00:00,M-203,62.87,2.28,5.97,179.0,0
RDG-00785,2025-01-06 16:00:00,M-203,63.22,2.46,6.01,179.2,3
RDG-00786,2025-01-07 04:00:00,M-203,60.38,2.2,5.66,179.8,0
RDG-00787,2025-01-07 10:00:00,M-203,60.5,2.33,5.85,180.0,0
RDG-00788,2025-01-07 22:00:00,M-203,63.27,1.63,5.45,180.5,0
RDG-00789,2025-01-08 04:00:00,M-203,60.72,2.36,5.77,180.8,0
RDG-00790,2025-01-08 10:00:00,M-203,61.05,2.15,6.07,181.0,0
RDG-00791,2025-01-08 16:00:00,M-203,63.8,1.94,6.07,181.2,0
RDG-00792,2025-01-08 22:00:00,M-203,67.43,1.97,5.59,181.5,0
RDG-00793,2025-01-09 04:00:00,M-203,67.63,2.19,5.64,181.8,0
RDG-00794,2025-01-09 16:00:00,M-203,63.16,2.14,5.54,182.2,0
RDG-00795,2025-01-09 22:00:00,M-203,63.78,2.22,5.4,182.5,0
RDG-00796,2025-01-10 10:00:00,M-203,63.54,2.59,5.84,183.0,3
RDG-00797,2025-01-10 22:00:00,M-203,62.77,2.46,6.03,183.5,3
RDG-00798,2025-01-11 10:00:00,M-203,62.92,2.5,5.65,184.0,1
RDG-00799,2025-01-11 22:00:00,M-203,60.61,2.3,5.66,184.5,0
RDG-00800,2025-01-12 10:00:00,M-203,69.88,1.64,6.2,185.0,1
RDG-00801,2025-01-12 16:00:00,M-203,62.12,1.77,6.4,185.2,0
RDG-00802,2025-01-13 10:00:00,M-203,58.49,2.41,5.92,186.0,2
RDG-00803,2025-01-13 22:00:00,M-203,63.21,2.01,5.65,186.5,0
RDG-00804,2025-01-14 04:00:00,M-203,66.53,1.93,5.5,186.8,0
RDG-00805,2025-01-14 10:00:00,M-203,71.37,2.12,5.82,187.0,1
RDG-00806,2025-01-14 16:00:00,M-203,63.53,2.27,6.01,187.2,0
RDG-00807,2025-01-14 22:00:00,M-203,66.08,2.49,6.38,187.5,2
RDG-00808,2025-01-15 10:00:00,M-203,65.53,2.04,5.56,188.0,0
RDG-00809,2025-01-15 22:00:00,M-203,64.94,2.28,5.45,188.5,0
RDG-00810,2025-01-16 10:00:00,M-203,65.36,2.06,5.89,189.0,0
RDG-00811,2025-01-16 22:00:00,M-203,70.07,2.02,6.27,189.5,2
RDG-00812,2025-01-17 04:00:00,M-203,58.58,1.85,5.35,189.8,0
RDG-00813,2025-01-17 10:00:00,M-203,63.19,2.32,5.95,190.0,0
RDG-00814,2025-01-17 16:00:00,M-203,66.05,2.26,5.91,190.2,0
RDG-00815,2025-01-18 04:00:00,M-203,68.74,2.01,5.76,190.8,3
RDG-00816,2025-01-18 10:00:00,M-203,65.34,2.41,5.89,191.0,1
RDG-00817,2025-01-18 22:00:00,M-203,63.21,2.61,6.29,191.5,1
RDG-00818,2025-01-19 04:00:00,M-203,59.32,1.96,6.21,191.8,0
RDG-00819,2025-01-19 10:00:00,M-203,64.55,2.16,5.97,192.0,0
RDG-00820,2025-01-20 10:00:00,M-203,64.14,2.24,5.67,193.0,0
RDG-00821,2025-01-20 16:00:00,M-203,66.45,1.92,5.95,193.2,0
RDG-00822,2025-01-20 22:00:00,M-203,59.04,1.9,5.53,193.5,0
RDG-00823,2025-01-21 04:00:00,M-203,63.04,1.94,5.98,193.8,0
RDG-00824,2025-01-21 10:00:00,M-203,66.35,2.69,5.32,194.0,2
RDG-00825,2025-01-21 16:00:00,M-203,68.66,2.25,5.91,194.2,2
RDG-00826,2025-01-21 22:00:00,M-203,60.5,2.33,6.16,194.5,0
RDG-00827,2025-01-22 16:00:00,M-203,68.72,2.24,5.74,195.2,2
RDG-00828,2025-01-22 22:00:00,M-203,65.69,2.29,5.6,195.5,0
RDG-00829,2025-01-23 04:00:00,M-203,61.09,2.13,6.26,195.8,0
RDG-00830,2025-01-23 22:00:00,M-203,64.75,2.05,5.56,196.5,0
RDG-00831,2025-01-24 04:00:00,M-203,63.56,2.24,6.1,196.8,0
RDG-00832,2025-01-24 10:00:00,M-203,60.7,1.93,6.18,197.0,0
RDG-00833,2025-01-24 22:00:00,M-203,64.55,2.05,5.54,197.5,0
RDG-00834,2025-01-25 04:00:00,M-203,66.66,2.28,5.86,197.8,0
RDG-00835,2025-01-25 22:00:00,M-203,66.89,1.85,5.75,198.5,0
RDG-00836,2025-01-26 04:00:00,M-203,69.05,1.96,6.12,198.8,3
RDG-00837,2025-01-26 22:00:00,M-203,65.05,2.15,5.74,199.5,0
RDG-00838,2025-01-27 04:00:00,M-203,66.95,1.93,5.72,199.8,0
RDG-00839,2025-01-27 10:00:00,M-203,61.72,2.37,5.8,200.0,0
RDG-00840,2025-01-27 16:00:00,M-203,67.45,1.89,5.19,200.2,0
RDG-00841,2025-01-27 22:00:00,M-203,65.07,2.38,6.02,200.5,0
RDG-00842,2025-01-28 10:00:00,M-203,62.15,2.51,5.77,201.0,3
RDG-00843,2025-01-28 22:00:00,M-203,64.54,2.57,6.22,201.5,2
RDG-00844,2025-01-29 10:00:00,M-203,62.72,2.24,5.53,202.0,0
RDG-00845,2025-01-29 16:00:00,M-203,59.92,2.3,6.37,202.2,0
RDG-00846,2025-01-30 04:00:00,M-203,57.99,2.0,5.69,202.8,0
RDG-00847,2025-01-30 16:00:00,M-203,59.62,2.19,6.09,203.2,0
RDG-00848,2025-01-31 04:00:00,M-203,58.97,2.34,5.89,203.8,0
RDG-00849,2025-01-31 16:00:00,M-203,63.31,2.28,5.8,204.2,0
RDG-00850,2025-01-31 22:00:00,M-203,63.23,2.06,6.08,204.5,0
RDG-00851,2025-02-01 04:00:00,M-203,66.28,2.01,5.39,204.8,0
RDG-00852,2025-02-01 10:00:00,M-203,61.39,2.41,6.04,205.0,3
RDG-00853,2025-02-01 16:00:00,M-203,61.11,2.56,5.74,205.2,1
RDG-00854,2025-02-01 22:00:00,M-203,64.72,2.0,5.21,205.5,0
RDG-00855,2025-02-02 04:00:00,M-203,61.27,2.27,5.44,205.8,0
RDG-00856,2025-02-02 10:00:00,M-203,64.85,2.14,5.5,206.0,0
RDG-00857,2025-02-02 22:00:00,M-203,65.69,2.0,5.42,206.5,0
RDG-00858,2025-02-03 04:00:00,M-203,65.47,2.26,6.11,206.8,0
RDG-00859,2025-02-03 10:00:00,M-203,61.71,1.83,5.72,207.0,0
RDG-00860,2025-02-04 16:00:00,M-203,63.37,2.43,5.76,208.2,1
RDG-00861,2025-02-04 22:00:00,M-203,59.88,2.51,5.7,208.5,1
RDG-00862,2025-02-05 04:00:00,M-203,60.67,2.17,5.4,208.8,0
RDG-00863,2025-02-05 10:00:00,M-203,62.62,2.0,5.73,209.0,0
RDG-00864,2025-02-05 16:00:00,M-203,63.39,2.36,5.86,209.2,0
RDG-00865,2025-02-05 22:00:00,M-203,63.37,2.1,6.05,209.5,0
RDG-00866,2025-02-06 04:00:00,M-203,63.56,2.11,5.77,209.8,0
RDG-00867,2025-02-06 16:00:00,M-203,61.72,2.37,6.25,210.2,0
RDG-00868,2025-02-06 22:00:00,M-203,65.4,2.37,5.44,210.5,0
RDG-00869,2025-02-07 04:00:00,M-203,64.4,1.97,5.68,210.8,0
RDG-00870,2025-02-07 10:00:00,M-203,60.6,2.07,6.0,211.0,0
RDG-00871,2025-02-07 22:00:00,M-203,66.54,2.22,5.57,211.5,0
RDG-00872,2025-02-08 04:00:00,M-203,71.05,2.05,5.74,211.8,2
RDG-00873,2025-02-08 10:00:00,M-203,69.25,1.9,5.55,212.0,2
RDG-00874,2025-02-08 22:00:00,M-203,66.74,1.93,5.68,212.5,0
RDG-00875,2025-02-09 04:00:00,M-203,59.24,2.4,5.85,212.8,0
RDG-00876,2025-02-09 10:00:00,M-203,66.29,2.24,5.65,213.0,0
RDG-00877,2025-02-09 16:00:00,M-203,64.25,2.49,6.23,213.2,3
RDG-00878,2025-02-09 22:00:00,M-203,64.47,2.65,6.19,213.5,2
RDG-00879,2025-02-10 04:00:00,M-203,64.9,2.61,6.21,213.8,1
RDG-00880,2025-02-10 10:00:00,M-203,62.91,2.11,5.74,214.0,0
RDG-00881,2025-02-10 16:00:00,M-203,60.73,1.76,5.54,214.2,0
RDG-00882,2025-02-10 22:00:00,M-203,63.96,1.86,5.57,214.5,0
RDG-00883,2025-02-11 04:00:00,M-203,63.24,2.33,5.55,214.8,0
RDG-00884,2025-02-11 22:00:00,M-203,62.94,1.87,5.79,215.5,0
RDG-00885,2025-02-12 04:00:00,M-203,61.22,2.59,5.59,215.8,1
RDG-00886,2025-02-12 10:00:00,M-203,59.02,2.05,5.7,216.0,0
RDG-00887,2025-02-12 16:00:00,M-203,58.46,2.29,5.46,216.2,0
RDG-00888,2025-02-13 10:00:00,M-203,64.42,2.38,5.89,217.0,0
RDG-00889,2025-02-14 04:00:00,M-203,61.55,2.62,5.63,217.8,3
RDG-00890,2025-02-14 10:00:00,M-203,66.54,2.31,6.0,218.0,0
RDG-00891,2025-02-15 04:00:00,M-203,59.75,2.0,6.03,218.8,0
RDG-00892,2025-02-15 16:00:00,M-203,64.72,2.62,5.9,219.2,1
RDG-00893,2025-02-15 22:00:00,M-203,66.33,1.96,5.54,219.5,0
RDG-00894,2025-02-16 10:00:00,M-203,56.89,2.18,6.05,220.0,0
RDG-00895,2025-02-16 16:00:00,M-203,67.72,1.82,5.77,220.2,0
RDG-00896,2025-02-16 22:00:00,M-203,62.75,2.14,5.65,220.5,0
RDG-00897,2025-02-17 04:00:00,M-203,62.22,1.67,5.6,220.8,0
RDG-00898,2025-02-17 10:00:00,M-203,61.55,1.86,5.98,221.0,0
RDG-00899,2025-02-17 16:00:00,M-203,69.26,2.37,5.46,221.2,1
RDG-00900,2025-02-18 10:00:00,M-203,66.68,2.21,5.84,222.0,0
RDG-00901,2025-02-18 16:00:00,M-203,63.18,2.23,5.85,222.2,0
RDG-00902,2025-02-18 22:00:00,M-203,65.4,2.33,5.54,222.5,0
RDG-00903,2025-02-19 04:00:00,M-203,60.67,1.93,6.12,222.8,0
RDG-00904,2025-02-19 16:00:00,M-203,66.56,2.05,6.24,223.2,0
RDG-00905,2025-02-19 22:00:00,M-203,59.34,2.2,6.18,223.5,0
RDG-00906,2025-02-20 04:00:00,M-203,63.34,1.78,5.65,223.8,0
RDG-00907,2025-02-20 16:00:00,M-203,66.02,2.39,5.9,224.2,0
RDG-00908,2025-02-21 04:00:00,M-203,61.11,2.39,5.79,224.8,0
RDG-00909,2025-02-21 22:00:00,M-203,61.74,2.1,5.69,225.5,0
RDG-00910,2025-02-22 10:00:00,M-203,69.3,2.56,5.6,226.0,1
RDG-00911,2025-02-23 04:00:00,M-203,67.03,2.47,5.88,226.8,2
RDG-00912,2025-02-23 10:00:00,M-203,65.57,2.26,6.05,227.0,0
RDG-00913,2025-02-23 16:00:00,M-203,58.98,1.76,5.96,227.2,0
RDG-00914,2025-02-23 22:00:00,M-203,59.68,1.94,5.69,227.5,0
RDG-00915,2025-02-24 04:00:00,M-203,62.07,2.43,6.08,227.8,3
RDG-00916,2025-02-24 10:00:00,M-203,67.8,2.01,5.76,228.0,0
RDG-00917,2025-02-24 16:00:00,M-203,60.45,2.16,6.01,228.2,0
RDG-00918,2025-02-24 22:00:00,M-203,63.44,2.13,5.64,228.5,0
RDG-00919,2025-02-25 04:00:00,M-203,64.49,2.25,5.95,228.8,0
RDG-00920,2025-02-25 10:00:00,M-203,60.88,2.22,5.69,229.0,0
RDG-00921,2025-02-25 16:00:00,M-203,64.43,1.9,6.13,229.2,0
RDG-00922,2025-02-25 22:00:00,M-203,61.88,1.91,5.36,229.5,0
RDG-00923,2025-02-26 04:00:00,M-203,69.34,1.92,5.99,229.8,1
RDG-00924,2025-02-26 10:00:00,M-203,65.9,2.01,5.74,230.0,0
RDG-00925,2025-02-26 16:00:00,M-203,61.47,2.46,6.15,230.2,2
RDG-00926,2025-02-26 22:00:00,M-203,61.49,2.57,6.14,230.5,3
RDG-00927,2025-02-27 04:00:00,M-203,60.98,2.16,6.19,230.8,0
RDG-00928,2025-02-27 16:00:00,M-203,63.62,2.32,5.62,231.2,0
RDG-00929,2025-02-27 22:00:00,M-203,69.01,2.57,5.32,231.5,1
RDG-00930,2025-02-28 04:00:00,M-203,64.9,2.27,5.82,231.8,0
RDG-00931,2025-02-28 10:00:00,M-203,63.03,2.01,6.41,232.0,0
RDG-00932,2025-02-28 16:00:00,M-203,63.78,2.6,5.39,232.2,1
RDG-00933,2025-02-28 22:00:00,M-203,62.68,1.96,5.88,232.5,0
RDG-00934,2025-03-01 04:00:00,M-203,64.18,2.2,5.44,232.8,0
RDG-00935,2025-03-01 10:00:00,M-203,62.54,2.2,5.88,233.0,0
RDG-00936,2025-03-01 16:00:00,M-203,63.39,2.45,6.12,233.2,3
RDG-00937,2025-03-01 22:00:00,M-203,65.27,1.65,5.94,233.5,0
RDG-00938,2025-03-02 04:00:00,M-203,67.72,2.02,5.62,233.8,0
RDG-00939,2025-01-01 12:00:00,M-301,70.14,2.49,5.81,219.0,1
RDG-00940,2025-01-01 18:00:00,M-301,70.12,2.27,5.76,219.2,1
RDG-00941,2025-01-02 00:00:00,M-301,64.55,2.58,5.76,219.5,1
RDG-00942,2025-01-02 06:00:00,M-301,69.16,2.36,5.51,219.8,1
RDG-00943,2025-01-02 12:00:00,M-301,65.92,2.75,5.21,220.0,3
RDG-00944,2025-01-02 18:00:00,M-301,69.71,2.3,5.65,220.2,2
RDG-00945,2025-01-03 00:00:00,M-301,66.43,2.76,5.5,220.5,3
RDG-00946,2025-01-03 18:00:00,M-301,66.74,2.51,5.67,221.2,1
RDG-00947,2025-01-04 00:00:00,M-301,66.99,2.75,5.76,221.5,1
RDG-00948,2025-01-04 06:00:00,M-301,69.33,2.46,5.9,221.8,3
RDG-00949,2025-01-05 00:00:00,M-301,72.18,2.28,5.73,222.5,3
RDG-00950,2025-01-05 06:00:00,M-301,67.7,2.48,5.45,222.8,1
RDG-00951,2025-01-05 12:00:00,M-301,69.58,2.77,5.79,223.0,1
RDG-00952,2025-01-06 00:00:00,M-301,71.05,2.46,6.11,223.5,1
RDG-00953,2025-01-06 06:00:00,M-301,63.74,2.26,5.3,223.8,0
RDG-00954,2025-01-06 12:00:00,M-301,60.56,3.1,5.7,224.0,2
RDG-00955,2025-01-06 18:00:00,M-301,67.98,2.68,5.58,224.2,2
RDG-00956,2025-01-07 00:00:00,M-301,75.7,2.42,5.73,224.5,2
RDG-00957,2025-01-07 06:00:00,M-301,65.62,2.88,5.66,224.8,2
RDG-00958,2025-01-07 12:00:00,M-301,70.68,2.43,6.09,225.0,1
RDG-00959,2025-01-08 06:00:00,M-301,69.63,2.4,6.01,225.8,1
RDG-00960,2025-01-08 12:00:00,M-301,70.14,2.34,6.2,226.0,2
RDG-00961,2025-01-08 18:00:00,M-301,66.73,2.72,5.83,226.2,2
RDG-00962,2025-01-09 00:00:00,M-301,70.41,2.76,6.11,226.5,2
RDG-00963,2025-01-09 06:00:00,M-301,73.52,2.63,6.05,226.8,2
RDG-00964,2025-01-09 12:00:00,M-301,69.79,2.33,5.76,227.0,2
RDG-00965,2025-01-10 00:00:00,M-301,61.93,2.2,5.84,227.5,0
RDG-00966,2025-01-10 06:00:00,M-301,71.1,2.26,5.52,227.8,2
RDG-00967,2025-01-10 12:00:00,M-301,66.18,2.66,5.6,228.0,3
RDG-00968,2025-01-10 18:00:00,M-301,67.97,2.83,5.53,228.2,1
RDG-00969,2025-01-11 00:00:00,M-301,73.82,2.28,5.9,228.5,2
RDG-00970,2025-01-11 18:00:00,M-301,72.55,2.83,5.66,229.2,2
RDG-00971,2025-01-12 00:00:00,M-301,70.38,2.64,5.76,229.5,3
RDG-00972,2025-01-12 12:00:00,M-301,70.48,2.21,5.45,230.0,3
RDG-00973,2025-01-12 18:00:00,M-301,65.82,2.83,5.55,230.2,3
RDG-00974,2025-01-13 00:00:00,M-301,68.65,2.43,5.79,230.5,3
RDG-00975,2025-01-13 06:00:00,M-301,69.18,2.57,5.46,230.8,3
RDG-00976,2025-01-13 12:00:00,M-301,72.19,2.57,5.32,231.0,2
RDG-00977,2025-01-14 06:00:00,M-301,67.16,2.56,5.85,231.8,3
RDG-00978,2025-01-14 18:00:00,M-301,64.22,2.48,5.9,232.2,3
RDG-00979,2025-01-15 00:00:00,M-301,72.31,2.65,5.76,232.5,3
RDG-00980,2025-01-15 06:00:00,M-301,71.96,2.83,5.66,232.8,3
RDG-00981,2025-01-15 12:00:00,M-301,68.86,2.39,5.93,233.0,3
RDG-00982,2025-01-16 00:00:00,M-301,66.93,2.72,6.05,233.5,2
RDG-00983,2025-01-16 12:00:00,M-301,75.93,2.44,5.57,234.0,3
RDG-00984,2025-01-16 18:00:00,M-301,66.9,2.28,6.1,234.2,0
RDG-00985,2025-01-17 06:00:00,M-301,67.49,2.15,5.64,234.8,0
RDG-00986,2025-01-17 12:00:00,M-301,67.93,2.33,5.8,235.0,0
RDG-00987,2025-01-17 18:00:00,M-301,72.31,2.52,5.75,235.2,1
RDG-00988,2025-01-18 06:00:00,M-301,62.23,2.54,5.79,235.8,3
RDG-00989,2025-01-18 12:00:00,M-301,64.0,2.27,5.36,236.0,0
RDG-00990,2025-01-18 18:00:00,M-301,69.28,2.23,5.77,236.2,2
RDG-00991,2025-01-19 06:00:00,M-301,67.52,2.34,5.96,236.8,0
RDG-00992,2025-01-19 12:00:00,M-301,68.74,2.53,5.8,237.0,2
RDG-00993,2025-01-19 18:00:00,M-301,64.82,2.42,5.86,237.2,2
RDG-00994,2025-01-20 00:00:00,M-301,65.27,2.3,5.52,237.5,0
RDG-00995,2025-01-20 06:00:00,M-301,67.4,2.35,5.7,237.8,0
RDG-00996,2025-01-20 18:00:00,M-301,73.52,2.78,6.21,238.2,1
RDG-00997,2025-01-21 00:00:00,M-301,66.91,2.38,5.62,238.5,0
RDG-00998,2025-01-21 12:00:00,M-301,65.06,2.27,5.79,239.0,0
RDG-00999,2025-01-21 18:00:00,M-301,69.49,2.16,5.77,239.2,3
RDG-01000,2025-01-22 00:00:00,M-301,69.43,2.38,6.0,239.5,1
RDG-01001,2025-01-22 06:00:00,M-301,70.4,2.25,5.63,239.8,2
RDG-01002,2025-01-22 12:00:00,M-301,66.49,2.2,6.13,240.0,0
RDG-01003,2025-01-22 18:00:00,M-301,65.81,2.99,5.63,240.2,1
RDG-01004,2025-01-23 12:00:00,M-301,65.84,2.58,6.06,241.0,3
RDG-01005,2025-01-23 18:00:00,M-301,64.99,2.52,5.86,241.2,2
RDG-01006,2025-01-24 06:00:00,M-301,70.52,2.16,6.18,241.8,1
RDG-01007,2025-01-24 12:00:00,M-301,62.89,2.34,6.3,242.0,0
RDG-01008,2025-01-24 18:00:00,M-301,66.05,2.13,6.02,242.2,0
RDG-01009,2025-01-25 06:00:00,M-301,69.78,2.4,5.53,242.8,3
RDG-01010,2025-01-25 12:00:00,M-301,63.79,2.36,6.04,243.0,0
RDG-01011,2025-01-25 18:00:00,M-301,67.02,2.54,5.75,243.2,1
RDG-01012,2025-01-26 00:00:00,M-301,69.75,2.53,6.0,243.5,3
RDG-01013,2025-01-26 06:00:00,M-301,73.59,2.63,5.79,243.8,3
RDG-01014,2025-01-26 12:00:00,M-301,71.7,2.65,5.9,244.0,1
RDG-01015,2025-01-26 18:00:00,M-301,67.86,2.55,5.73,244.2,1
RDG-01016,2025-01-27 06:00:00,M-301,66.42,2.77,5.26,244.8,2
RDG-01017,2025-01-28 00:00:00,M-301,65.87,2.49,5.62,245.5,2
RDG-01018,2025-01-28 12:00:00,M-301,69.22,2.12,5.71,246.0,1
RDG-01019,2025-01-29 00:00:00,M-301,69.92,2.57,5.75,246.5,1
RDG-01020,2025-01-29 06:00:00,M-301,65.87,2.92,6.37,246.8,3
RDG-01021,2025-01-30 00:00:00,M-301,71.73,2.69,5.91,247.5,3
RDG-01022,2025-01-30 06:00:00,M-301,66.91,2.16,5.39,247.8,0
RDG-01023,2025-01-30 12:00:00,M-301,67.11,2.6,5.85,248.0,3
RDG-01024,2025-01-31 00:00:00,M-301,70.53,2.35,5.75,248.5,3
RDG-01025,2025-01-31 12:00:00,M-301,67.04,2.56,6.19,249.0,2
RDG-01026,2025-01-31 18:00:00,M-301,73.77,2.6,5.68,249.2,2
RDG-01027,2025-02-01 06:00:00,M-301,72.48,2.57,5.58,249.8,2
RDG-01028,2025-02-02 12:00:00,M-301,74.6,2.23,5.82,251.0,1
RDG-01029,2025-02-02 18:00:00,M-301,62.93,2.11,5.17,251.2,0
RDG-01030,2025-02-03 18:00:00,M-301,65.35,2.3,5.9,252.2,0
RDG-01031,2025-02-04 06:00:00,M-301,70.98,2.21,5.91,252.8,3
RDG-01032,2025-02-04 12:00:00,M-301,66.59,2.59,5.43,253.0,2
RDG-01033,2025-02-05 12:00:00,M-301,65.13,2.59,5.6,254.0,2
RDG-01034,2025-02-06 00:00:00,M-301,68.77,2.2,6.06,254.5,1
RDG-01035,2025-02-07 00:00:00,M-301,69.16,2.1,5.68,255.5,1
RDG-01036,2025-02-07 06:00:00,M-301,64.1,2.46,5.35,255.8,3
RDG-01037,2025-02-08 00:00:00,M-301,69.29,2.33,5.82,256.5,2
RDG-01038,2025-02-08 06:00:00,M-301,69.29,2.51,5.47,256.8,2
RDG-01039,2025-02-08 12:00:00,M-301,70.43,2.83,5.93,257.0,2
RDG-01040,2025-02-09 00:00:00,M-301,72.22,2.91,6.34,257.5,2
RDG-01041,2025-02-09 06:00:00,M-301,59.31,2.62,5.82,257.8,3
RDG-01042,2025-02-09 12:00:00,M-301,67.63,2.66,5.87,258.0,3
RDG-01043,2025-02-09 18:00:00,M-301,71.44,2.16,6.15,258.2,1
RDG-01044,2025-02-10 18:00:00,M-301,63.0,2.34,6.07,259.2,0
RDG-01045,2025-02-11 00:00:00,M-301,65.67,2.72,5.75,259.5,2
RDG-01046,2025-02-11 12:00:00,M-301,73.15,3.16,5.85,260.0,2
RDG-01047,2025-02-11 18:00:00,M-301,68.09,2.51,5.54,260.2,2
RDG-01048,2025-02-12 06:00:00,M-301,69.22,2.22,6.29,260.8,3
RDG-01049,2025-02-12 12:00:00,M-301,64.51,2.27,5.8,261.0,0
RDG-01050,2025-02-13 12:00:00,M-301,65.79,2.43,5.68,262.0,1
RDG-01051,2025-02-13 18:00:00,M-301,71.18,2.78,5.97,262.2,1
RDG-01052,2025-02-14 00:00:00,M-301,67.71,1.92,5.98,262.5,0
RDG-01053,2025-02-14 06:00:00,M-301,70.38,2.63,5.46,262.8,2
RDG-01054,2025-02-14 12:00:00,M-301,67.5,2.23,5.88,263.0,0
RDG-01055,2025-02-14 18:00:00,M-301,63.6,2.45,5.53,263.2,1
RDG-01056,2025-02-15 00:00:00,M-301,68.88,2.79,5.78,263.5,3
RDG-01057,2025-02-15 06:00:00,M-301,69.18,2.76,6.13,263.8,2
RDG-01058,2025-02-15 12:00:00,M-301,69.38,2.41,6.07,264.0,1
RDG-01059,2025-02-16 00:00:00,M-301,66.75,2.34,5.52,264.5,0
RDG-01060,2025-02-16 06:00:00,M-301,68.77,2.36,5.79,264.8,1
RDG-01061,2025-02-16 12:00:00,M-301,69.03,2.18,5.77,265.0,3
RDG-01062,2025-02-17 06:00:00,M-301,64.63,2.53,5.75,265.8,3
RDG-01063,2025-02-17 12:00:00,M-301,68.9,2.68,5.72,266.0,3
RDG-01064,2025-02-17 18:00:00,M-301,68.58,2.54,5.92,266.2,3
RDG-01065,2025-02-18 12:00:00,M-301,62.89,1.91,6.1,267.0,0
RDG-01066,2025-02-18 18:00:00,M-301,71.46,2.4,6.16,267.2,3
RDG-01067,2025-02-19 00:00:00,M-301,62.07,2.81,5.71,267.5,3
RDG-01068,2025-02-19 06:00:00,M-301,62.3,2.13,5.9,267.8,0
RDG-01069,2025-02-19 18:00:00,M-301,66.17,2.35,5.96,268.2,0
RDG-01070,2025-02-20 00:00:00,M-301,67.99,2.41,5.81,268.5,3
RDG-01071,2025-02-20 06:00:00,M-301,68.77,2.09,6.08,268.8,2
RDG-01072,2025-02-20 12:00:00,M-301,68.12,2.66,6.2,269.0,2
RDG-01073,2025-02-20 18:00:00,M-301,67.98,2.97,5.73,269.2,2
RDG-01074,2025-02-21 00:00:00,M-301,65.19,2.32,6.06,269.5,0
RDG-01075,2025-02-21 06:00:00,M-301,69.55,2.64,5.8,269.8,3
RDG-01076,2025-02-21 12:00:00,M-301,65.35,2.2,5.73,270.0,0
RDG-01077,2025-02-21 18:00:00,M-301,74.24,2.4,5.87,270.2,1
RDG-01078,2025-02-22 00:00:00,M-301,64.3,2.28,5.4,270.5,0
RDG-01079,2025-02-22 06:00:00,M-301,68.68,2.29,5.82,270.8,2
RDG-01080,2025-02-23 06:00:00,M-301,71.33,2.79,5.87,271.8,3
RDG-01081,2025-02-23 12:00:00,M-301,66.55,2.12,5.76,272.0,0
RDG-01082,2025-02-23 18:00:00,M-301,72.14,2.29,6.0,272.2,3
RDG-01083,2025-02-24 00:00:00,M-301,70.32,2.34,6.05,272.5,3
RDG-01084,2025-02-24 06:00:00,M-301,71.79,2.46,5.29,272.8,3
RDG-01085,2025-02-24 12:00:00,M-301,68.12,2.47,6.07,273.0,1
RDG-01086,2025-02-24 18:00:00,M-301,65.1,2.86,5.92,273.2,3
RDG-01087,2025-02-25 00:00:00,M-301,71.38,2.54,5.98,273.5,1
RDG-01088,2025-02-25 06:00:00,M-301,61.35,2.42,5.68,273.8,3
RDG-01089,2025-02-25 18:00:00,M-301,71.64,1.86,5.66,274.2,3
RDG-01090,2025-02-26 00:00:00,M-301,67.06,2.72,5.46,274.5,1
RDG-01091,2025-02-27 06:00:00,M-301,68.75,2.59,5.99,275.8,2
RDG-01092,2025-02-27 18:00:00,M-301,67.45,2.93,5.22,276.2,2
RDG-01093,2025-02-28 06:00:00,M-301,67.11,2.2,5.57,276.8,0
RDG-01094,2025-02-28 18:00:00,M-301,72.82,2.54,5.4,277.2,2
RDG-01095,2025-03-01 00:00:00,M-301,63.59,2.56,5.82,277.5,2
RDG-01096,2025-03-01 06:00:00,M-301,66.04,2.41,5.5,277.8,1
RDG-01097,2025-03-01 12:00:00,M-301,66.62,2.43,6.02,278.0,2
RDG-01098,2025-03-01 18:00:00,M-301,68.87,2.59,6.06,278.2,2
RDG-01099,2025-01-01 14:00:00,M-302,65.74,2.7,5.76,201.0,1
RDG-01100,2025-01-01 20:00:00,M-302,65.04,2.96,5.63,201.2,3
RDG-01101,2025-01-02 02:00:00,M-302,66.48,2.21,5.9,201.5,0
RDG-01102,2025-01-02 08:00:00,M-302,59.2,2.6,5.95,201.8,2
RDG-01103,2025-01-03 14:00:00,M-302,59.96,2.23,5.71,203.0,0
RDG-01104,2025-01-03 20:00:00,M-302,70.97,2.73,5.69,203.2,3
RDG-01105,2025-01-04 02:00:00,M-302,70.06,2.32,5.48,203.5,1
RDG-01106,2025-01-04 08:00:00,M-302,62.2,2.23,5.82,203.8,0
RDG-01107,2025-01-04 14:00:00,M-302,65.2,3.03,5.69,204.0,3
RDG-01108,2025-01-05 20:00:00,M-302,67.31,2.6,5.85,205.2,1
RDG-01109,2025-01-06 02:00:00,M-302,62.77,2.21,5.71,205.5,0
RDG-01110,2025-01-06 08:00:00,M-302,62.55,2.91,5.66,205.8,2
RDG-01111,2025-01-06 20:00:00,M-302,69.1,2.72,5.74,206.2,1
RDG-01112,2025-01-07 08:00:00,M-302,64.31,2.63,6.11,206.8,2
RDG-01113,2025-01-07 14:00:00,M-302,68.38,1.91,5.69,207.0,1
RDG-01114,2025-01-07 20:00:00,M-302,62.71,2.6,5.16,207.2,2
RDG-01115,2025-01-08 02:00:00,M-302,64.98,2.36,5.77,207.5,0
RDG-01116,2025-01-08 08:00:00,M-302,65.06,1.98,5.63,207.8,0
RDG-01117,2025-01-08 14:00:00,M-302,66.8,2.08,5.71,208.0,0
RDG-01118,2025-01-08 20:00:00,M-302,69.11,1.69,5.63,208.2,2
RDG-01119,2025-01-09 08:00:00,M-302,68.55,2.59,5.42,208.8,1
RDG-01120,2025-01-09 14:00:00,M-302,60.28,2.08,6.12,209.0,0
RDG-01121,2025-01-09 20:00:00,M-302,69.14,2.09,5.54,209.2,2
RDG-01122,2025-01-10 14:00:00,M-302,65.53,2.85,6.11,210.0,2
RDG-01123,2025-01-10 20:00:00,M-302,66.43,2.46,5.7,210.2,2
RDG-01124,2025-01-11 08:00:00,M-302,70.45,2.47,5.89,210.8,3
RDG-01125,2025-01-11 14:00:00,M-302,66.72,2.27,6.19,211.0,0
RDG-01126,2025-01-11 20:00:00,M-302,63.84,2.27,5.77,211.2,0
RDG-01127,2025-01-12 02:00:00,M-302,63.95,1.99,5.95,211.5,0
RDG-01128,2025-01-12 08:00:00,M-302,64.02,2.27,6.08,211.8,0
RDG-01129,2025-01-12 14:00:00,M-302,64.11,2.35,5.71,212.0,0
RDG-01130,2025-01-12 20:00:00,M-302,72.45,2.33,6.02,212.2,2
RDG-01131,2025-01-13 02:00:00,M-302,74.51,2.4,5.94,212.5,1
RDG-01132,2025-01-13 14:00:00,M-302,64.33,2.38,6.05,213.0,0
RDG-01133,2025-01-13 20:00:00,M-302,65.05,2.43,5.59,213.2,2
RDG-01134,2025-01-14 02:00:00,M-302,65.88,2.43,5.97,213.5,2
RDG-01135,2025-01-14 20:00:00,M-302,59.04,2.51,5.95,214.2,3
RDG-01136,2025-01-15 02:00:00,M-302,62.98,2.61,5.98,214.5,2
RDG-01137,2025-01-15 08:00:00,M-302,63.92,1.96,5.58,214.8,0
RDG-01138,2025-01-15 20:00:00,M-302,71.14,2.12,5.57,215.2,1
RDG-01139,2025-01-16 02:00:00,M-302,68.37,2.28,5.8,215.5,3
RDG-01140,2025-01-16 14:00:00,M-302,65.23,2.23,5.81,216.0,0
RDG-01141,2025-01-16 20:00:00,M-302,68.46,2.3,5.59,216.2,2
RDG-01142,2025-01-17 02:00:00,M-302,66.24,2.03,6.34,216.5,0
RDG-01143,2025-01-17 08:00:00,M-302,67.34,2.63,5.77,216.8,1
RDG-01144,2025-01-17 14:00:00,M-302,64.37,2.44,5.84,217.0,3
RDG-01145,2025-01-18 08:00:00,M-302,67.48,2.54,5.8,217.8,1
RDG-01146,2025-01-18 14:00:00,M-302,65.59,2.29,5.71,218.0,0
RDG-01147,2025-01-18 20:00:00,M-302,64.4,2.06,5.62,218.2,0
RDG-01148,2025-01-19 02:00:00,M-302,61.29,2.05,5.61,218.5,0
RDG-01149,2025-01-19 08:00:00,M-302,63.14,2.68,6.01,218.8,2
RDG-01150,2025-01-19 20:00:00,M-302,67.5,2.78,6.07,219.2,3
RDG-01151,2025-01-20 08:00:00,M-302,66.39,2.38,5.57,219.8,0
RDG-01152,2025-01-20 14:00:00,M-302,60.92,2.31,6.04,220.0,0
RDG-01153,2025-01-20 20:00:00,M-302,64.71,2.38,5.86,220.2,0
RDG-01154,2025-01-21 02:00:00,M-302,64.24,2.38,5.83,220.5,0
RDG-01155,2025-01-21 08:00:00,M-302,61.77,2.69,6.07,220.8,3
RDG-01156,2025-01-21 14:00:00,M-302,62.32,2.81,5.94,221.0,3
RDG-01157,2025-01-21 20:00:00,M-302,65.93,2.41,5.85,221.2,2
RDG-01158,2025-01-22 14:00:00,M-302,63.14,2.88,6.29,222.0,1
RDG-01159,2025-01-22 20:00:00,M-302,66.8,2.44,5.69,222.2,3
RDG-01160,2025-01-23 08:00:00,M-302,68.5,2.28,5.95,222.8,1
RDG-01161,2025-01-23 14:00:00,M-302,62.22,2.1,5.42,223.0,0
RDG-01162,2025-01-23 20:00:00,M-302,63.18,2.26,5.81,223.2,0
RDG-01163,2025-01-24 14:00:00,M-302,63.44,2.43,5.8,224.0,3
RDG-01164,2025-01-25 02:00:00,M-302,67.66,2.23,6.01,224.5,0
RDG-01165,2025-01-25 14:00:00,M-302,74.75,2.4,5.87,225.0,1
RDG-01166,2025-01-26 02:00:00,M-302,66.37,2.4,5.68,225.5,0
RDG-01167,2025-01-26 08:00:00,M-302,66.84,2.17,6.03,225.8,0
RDG-01168,2025-01-27 08:00:00,M-302,72.66,2.5,5.56,226.8,2
RDG-01169,2025-01-27 14:00:00,M-302,63.21,2.2,5.9,227.0,0
RDG-01170,2025-01-28 02:00:00,M-302,66.02,2.5,6.01,227.5,3
RDG-01171,2025-01-28 20:00:00,M-302,65.63,2.48,5.52,228.2,1
RDG-01172,2025-01-29 20:00:00,M-302,69.42,2.42,5.74,229.2,2
RDG-01173,2025-01-30 02:00:00,M-302,67.2,1.86,5.76,229.5,0
RDG-01174,2025-01-30 14:00:00,M-302,70.71,2.28,6.15,230.0,2
RDG-01175,2025-01-30 20:00:00,M-302,68.89,2.2,5.44,230.2,3
RDG-01176,2025-01-31 02:00:00,M-302,64.45,2.41,5.3,230.5,2
RDG-01177,2025-01-31 08:00:00,M-302,67.44,2.27,5.62,230.8,0
RDG-01178,2025-01-31 20:00:00,M-302,66.96,2.37,5.9,231.2,0
RDG-01179,2025-02-01 02:00:00,M-302,64.2,2.66,5.9,231.5,2
RDG-01180,2025-02-01 08:00:00,M-302,66.93,2.77,5.86,231.8,1
RDG-01181,2025-02-01 14:00:00,M-302,65.99,2.43,6.2,232.0,3
RDG-01182,2025-02-02 08:00:00,M-302,72.54,2.45,5.71,232.8,3
RDG-01183,2025-02-02 20:00:00,M-302,62.58,2.18,4.99,233.2,0
RDG-01184,2025-02-03 02:00:00,M-302,63.4,2.34,6.24,233.5,0
RDG-01185,2025-02-03 14:00:00,M-302,69.09,2.45,5.87,234.0,2
RDG-01186,2025-02-04 02:00:00,M-302,72.37,2.39,5.45,234.5,2
RDG-01187,2025-02-04 14:00:00,M-302,62.25,1.98,5.82,235.0,0
RDG-01188,2025-02-04 20:00:00,M-302,65.98,2.62,5.69,235.2,3
RDG-01189,2025-02-05 02:00:00,M-302,63.03,2.27,5.92,235.5,0
RDG-01190,2025-02-05 08:00:00,M-302,68.27,2.51,5.58,235.8,2
RDG-01191,2025-02-05 14:00:00,M-302,61.06,2.51,6.17,236.0,1
RDG-01192,2025-02-05 20:00:00,M-302,67.9,2.16,5.7,236.2,0
RDG-01193,2025-02-06 02:00:00,M-302,70.56,2.11,5.87,236.5,1
RDG-01194,2025-02-06 08:00:00,M-302,63.32,2.59,5.9,236.8,1
RDG-01195,2025-02-06 20:00:00,M-302,68.95,2.78,6.11,237.2,3
RDG-01196,2025-02-07 02:00:00,M-302,70.5,2.02,6.42,237.5,1
RDG-01197,2025-02-07 08:00:00,M-302,69.79,2.58,5.19,237.8,3
RDG-01198,2025-02-07 14:00:00,M-302,68.99,2.07,5.96,238.0,3
RDG-01199,2025-02-08 08:00:00,M-302,64.72,2.8,5.98,238.8,1
RDG-01200,2025-02-08 14:00:00,M-302,63.31,2.43,5.31,239.0,1
RDG-01201,2025-02-09 02:00:00,M-302,70.16,2.22,6.05,239.5,3
RDG-01202,2025-02-09 20:00:00,M-302,65.24,2.76,5.67,240.2,3
RDG-01203,2025-02-10 02:00:00,M-302,63.46,2.39,5.89,240.5,0
RDG-01204,2025-02-10 08:00:00,M-302,61.61,2.41,5.58,240.8,2
RDG-01205,2025-02-10 14:00:00,M-302,68.06,1.96,5.9,241.0,3
RDG-01206,2025-02-10 20:00:00,M-302,66.51,2.05,5.82,241.2,0
RDG-01207,2025-02-11 08:00:00,M-302,69.57,2.28,5.71,241.8,2
RDG-01208,2025-02-11 20:00:00,M-302,65.8,2.53,5.58,242.2,1
RDG-01209,2025-02-12 02:00:00,M-302,69.03,1.96,6.11,242.5,3
RDG-01210,2025-02-12 14:00:00,M-302,65.74,2.32,5.5,243.0,0
RDG-01211,2025-02-12 20:00:00,M-302,70.67,2.63,6.03,243.2,2
RDG-01212,2025-02-13 14:00:00,M-302,70.4,2.82,5.43,244.0,3
RDG-01213,2025-02-13 20:00:00,M-302,63.64,2.67,6.2,244.2,1
RDG-01214,2025-02-14 02:00:00,M-302,63.34,2.71,5.43,244.5,2
RDG-01215,2025-02-14 08:00:00,M-302,65.87,2.46,5.75,244.8,3
RDG-01216,2025-02-14 14:00:00,M-302,70.27,2.19,6.13,245.0,3
RDG-01217,2025-02-15 08:00:00,M-302,70.52,2.2,6.04,245.8,2
RDG-01218,2025-02-15 14:00:00,M-302,68.71,2.41,5.81,246.0,3
RDG-01219,2025-02-15 20:00:00,M-302,64.62,2.6,5.94,246.2,1
RDG-01220,2025-02-16 02:00:00,M-302,68.48,2.26,5.86,246.5,1
RDG-01221,2025-02-16 08:00:00,M-302,66.38,1.99,6.04,246.8,0
RDG-01222,2025-02-16 14:00:00,M-302,62.97,2.51,6.04,247.0,2
RDG-01223,2025-02-16 20:00:00,M-302,65.82,2.53,6.08,247.2,3
RDG-01224,2025-02-17 02:00:00,M-302,65.51,1.91,5.38,247.5,0
RDG-01225,2025-02-17 14:00:00,M-302,68.15,2.55,5.81,248.0,2
RDG-01226,2025-02-17 20:00:00,M-302,64.37,1.96,5.88,248.2,0
RDG-01227,2025-02-18 02:00:00,M-302,68.45,2.34,5.73,248.5,2
RDG-01228,2025-02-18 08:00:00,M-302,72.01,2.35,5.76,248.8,2
RDG-01229,2025-02-18 14:00:00,M-302,65.83,2.34,5.88,249.0,0
RDG-01230,2025-02-18 20:00:00,M-302,68.81,2.73,5.91,249.2,1
RDG-01231,2025-02-19 02:00:00,M-302,70.48,2.69,5.62,249.5,2
RDG-01232,2025-02-19 08:00:00,M-302,65.31,2.28,5.6,249.8,0
RDG-01233,2025-02-19 20:00:00,M-302,67.5,2.61,5.58,250.2,2
RDG-01234,2025-02-20 02:00:00,M-302,67.95,2.13,5.95,250.5,0
RDG-01235,2025-02-20 08:00:00,M-302,64.17,2.27,5.88,250.8,0
RDG-01236,2025-02-20 14:00:00,M-302,67.75,2.66,5.93,251.0,3
RDG-01237,2025-02-21 02:00:00,M-302,65.19,2.4,5.79,251.5,0
RDG-01238,2025-02-21 08:00:00,M-302,64.81,2.66,5.75,251.8,1
RDG-01239,2025-02-22 02:00:00,M-302,71.64,1.98,5.64,252.5,2
RDG-01240,2025-02-22 08:00:00,M-302,70.46,2.59,5.77,252.8,1
RDG-01241,2025-02-22 20:00:00,M-302,63.8,2.53,5.83,253.2,2
RDG-01242,2025-02-23 14:00:00,M-302,67.22,2.27,6.2,254.0,0
RDG-01243,2025-02-25 08:00:00,M-302,58.62,2.45,5.79,255.8,3
RDG-01244,2025-02-25 20:00:00,M-302,68.99,2.15,5.2,256.2,1
RDG-01245,2025-02-26 08:00:00,M-302,69.67,2.3,5.66,256.8,3
RDG-01246,2025-02-26 20:00:00,M-302,71.37,2.29,5.32,257.2,1
RDG-01247,2025-02-27 02:00:00,M-302,66.09,2.11,5.8,257.5,0
RDG-01248,2025-02-27 08:00:00,M-302,65.69,2.38,5.93,257.8,0
RDG-01249,2025-02-27 14:00:00,M-302,63.75,2.97,5.73,258.0,3
RDG-01250,2025-02-27 20:00:00,M-302,57.83,2.94,5.95,258.2,2
RDG-01251,2025-02-28 14:00:00,M-302,64.27,2.4,5.8,259.0,0
RDG-01252,2025-02-28 20:00:00,M-302,68.92,2.42,5.85,259.2,2
RDG-01253,2025-03-01 02:00:00,M-302,66.32,2.62,6.06,259.5,1
RDG-01254,2025-03-01 08:00:00,M-302,61.79,2.57,5.83,259.8,1
RDG-01255,2025-03-01 20:00:00,M-302,69.66,2.15,6.11,260.2,2
RDG-01256,2025-03-02 08:00:00,M-302,65.77,2.35,5.7,260.8,0
